filename,before_hash,ctxr_hash,mipmaps,origin_folder,opacity_stripped,upscaled,upscaler_version,upscaler_type,ctxr3_converted,non_upscaled_version,npot_resized,dxt5
0000021b,34a53c4720639e87104f0f9067089263f26dc227,efac6a741018ebaaa36b600d35e62799a30211b1,true,ps2 textures\HAS ALPHA\manual\bp_remade\no_mip_fixes\ui,false,true,5,remarci_4x,false,0,false,false
0000368b,edec988228af3d62dc114baaf0f77d01dc2bbb98,01848e53e58fdc5b223d5070456f6d4d7694eaab,true,ps2 textures\OPAQUE\same sha1\no_mip_fixes\ui,true,true,5,remarci_4x,false,0,false,false
00005011.img,6ad52cd7fc6cff93f671a71135a3a1d8d057d7a0,c47581c247bbb9234471a09a7917b44ea089443f,true,mc textures\HAS ALPHA\bp_remade\no_mip_fixes\ui,false,true,5,remarci_4x,false,0,false,false
00005e41,2eee66b577b4d634eed42af1e4e977ffbdc65edd,fbc70de240b8b8e6a06661aed9ebe66a0b78e960,true,ps2 textures\OPAQUE\same sha1\no_mip_fixes\ui,true,true,5,remarci_4x,false,0,false,false
0000719c,4016f4a544dd93f0c79a19f36302dc8378a63c73,7936272c606156ea1040d49c8efbc4e4cb98f634,true,mc textures\HAS ALPHA\bp_remade\no_mip_fixes\ui,false,true,5,remarci_4x,false,0,false,false
00007c5c,5831a4669cbe09d88726006a22b5239af0c26b1e,68486c95028c2b3421866dd1e550704d1f5c9c44,true,ps2 textures\HAS ALPHA\no_mip_fixes\ui,false,true,5,remarci_4x,false,0,false,false
0000bdd3,e9bc1c58a1327efbdb23817ddf7f9097d8b36224,64bd3c4bd68297f3bb491d4e7f365a14ad13cf2a,true,ps2 textures\HAS ALPHA\no_mip_fixes\ui,false,true,5,remarci_4x,false,0,false,false
0000c6fa,15fc0db3e429d85bf0485f25b1b289c7fb937ed6,99638b20e4f492c83b8ece6d360b0a2617a7195a,true,mc textures\HAS ALPHA\bp_remade\no_mip_fixes\ui,false,true,5,remarci_4x,false,0,false,false
00011816,997ec73eee9c3526581f98fef4ad8ff13177f661,f76972cb6f19b6280e9b5361e124619f26845429,true,mc textures\HAS ALPHA\bp_remade\no_mip_fixes\ui,false,true,5,remarci_4x,false,0,false,false
0001435e,b50d08616eb0ff3a089d47a59037cf8a7d78348d,88861abdd00d4b544e487e3f206f93f1d98d66af,true,mc textures\HAS ALPHA\bp_remade\no_mip_fixes\ui,false,true,5,remarci_4x,false,0,false,false
00014362,d65a43b2a1c768aa53376dbd4e192595ddab6084,b165442326189ac8a926ba7b7ce409bcba287389,true,mc textures\HAS ALPHA\bp_remade\no_mip_fixes\ui,false,true,5,remarci_4x,false,0,false,false
00014366,aca27358fe38c1999c21fecc52370ed792007d25,667e5957b992ae572b850c98bb83d6f9403ee813,true,mc textures\HAS ALPHA\bp_remade\no_mip_fixes\ui,false,true,5,remarci_4x,false,0,false,false
0001436a,36b0e4534aae1b083d4212763351804e41e7c967,09b8fbe43df708b22e10e6b94ac76a5648afca77,true,mc textures\HAS ALPHA\bp_remade\no_mip_fixes\ui,false,true,5,remarci_4x,false,0,false,false
00014fef,859d8118d33995441616e5d456c6473ce4560518,6c0ee3ac0bb0a7fb633cd8c4ab5ba3dc96838ecb,true,mc textures\OPAQUE\bp_remade\no_mip_fixes\ui,true,true,5,remarci_4x,false,0,false,false
000237d1,060dc95f4905106f57d0b0404cdb53ceb63bec16,f4bea8a80237c2878f98a8d19f2dc9123b2d0af8,true,mc textures\HAS ALPHA\bp_remade\no_mip_fixes\ui,false,true,5,remarci_4x,false,0,false,false
0002a890,9bfd69b7ea89a6d2a975a912a70f1b90e091d800,c3795b7aa81538cfaf00b45fb405d3d687e73d9f,true,mc textures\HAS ALPHA\bp_remade\no_mip_fixes\ui,false,true,5,remarci_4x,false,0,false,false
0002b182,515c98f42e02dad26624aa5108fffb8ef57c4012,e8d1f6d8241fab9d77e4d9a53076ac0c29e2be1e,true,ps2 textures\HAS ALPHA\no_mip_fixes\ui,false,true,5,remarci_4x,false,0,false,false
0002bdfa,d418c6fcbf2269a6f37971d3bc108d021c402f70,e1ac3972bbb728b9f90c54ffc6efb0b65247e7f7,true,mc textures\HAS ALPHA\bp_remade\no_mip_fixes\ui,false,true,5,remarci_4x,false,0,false,false
0002c24e,940cd139971bf60076143727b5868f858a0a0937,56df77c6d9bacc89f14f5831daabd3bc72033d1f,true,mc textures\HAS ALPHA\bp_remade\no_mip_fixes\ui,false,true,5,remarci_4x,false,0,false,false
000304be,06386ae9df8ac8cd214f3583e52777db1c968c0b,197a55d5eec51c241432c0e2319f8240ce5f4bea,true,ps2 textures\HAS ALPHA\no_mip_fixes\ui,false,true,5,remarci_4x,false,0,false,false
00030da5,3252edde69887052e1bdea36f165468604acbd6e,06057120eaab7918f45dc14a3a5f1c56560ff0c7,true,mc textures\OPAQUE\bp_remade\no_mip_fixes\ui,true,true,5,remarci_4x,false,0,false,false
00031504,19292f38fa609f948b07c0f65a3e08d75b49baca,794f33620ff0a58e62a0504079536fe75c8bdeb5,true,ps2 textures\HAS ALPHA\manual\bp_remade\no_mip_fixes\ui,false,true,5,remarci_4x,false,0,false,false
0003247e,8a125aea54ecd22e64463f20d3470c5d0a329e25,ad9895a5074c07dde92cda66b2bfe6d67db29e6c,true,ps2 textures\HAS ALPHA\no_mip_fixes\ui,false,true,5,remarci_4x,false,0,false,false
0003436f,ad1b6ce1555d46748da74bb913d1432700237b75,70e13a7abe1f88cb23cf3ad08a9fd5cc5dfc7fab,true,mc textures\OPAQUE\bp_remade\no_mip_fixes\ui,true,true,5,remarci_4x,false,0,false,false
00035553,5c76ffc90fd3079b1c1620c408e0a1676f281823,6de28234c77ca58b2380b07563bc45ccc0d24217,true,mc textures\HAS ALPHA\bp_remade\no_mip_fixes\ui,false,true,5,remarci_4x,false,0,false,false
00035be9,673f2e929489ef83606b8e684298a9c423fedbe8,e1401f696b23a60973b68bca7dd5ee69689a7e96,true,mc textures\HAS ALPHA\bp_remade\no_mip_fixes\ui,false,true,5,remarci_4x,false,0,false,false
0003966e,95acd0ece446281afeb0071f8d85e170aa849957,bf6a8709fc6abfba026e70f576d6a37c881b34f0,true,mc textures\OPAQUE\bp_remade\no_mip_fixes\ui,true,true,5,remarci_4x,false,0,false,false
0003f2e2,be03d435bffc57b64ce93d429f81bf48b07eeb31,e62c05d622a4180de9833d45e0e6469215888835,true,mc textures\HAS ALPHA\bp_remade\no_mip_fixes\ui,false,true,5,remarci_4x,false,0,false,false
00040da5,2efc059c6e640674f83591eefb3de03288fb45b3,3dab314bee1bbe71ea6a173c7b80b01e35d48118,true,ps2 textures\OPAQUE\manual\bp_remade\no_mip_fixes\ui,true,true,5,remarci_4x,false,0,false,false
00048d5b,8eb0aac15cd40a356a272bc16ba385204d7e7809,8692ccae9eb548c2596e59ffc88b456bea609326,true,ps2 textures\HAS ALPHA\no_mip_fixes\ui,false,true,5,remarci_4x,false,0,false,false
0004e32e,35dbb04484870b109ad86875a64b161884ed7269,14e9e521bc905aa1f8a0aa2ea0302b206c153165,true,mc textures\OPAQUE\bp_remade\no_mip_fixes\ui,true,true,5,remarci_4x,false,0,false,false
00050da5,3ad63949d26fcab40d77be90f73d75b2b32060ed,c1efdd4b6617d6bd2cba3d5595438b3da7fd0d15,true,mc textures\OPAQUE\bp_remade\no_mip_fixes\ui,true,true,5,remarci_4x,false,0,false,false
00054383,b3f4cf0ffba4db2f67f9495098710e7392d044cc,46e9a2183f64b68ad56d064aa670bf4c527c70d2,true,mc textures\OPAQUE\bp_remade\no_mip_fixes\ui,true,true,5,remarci_4x,false,0,false,false
00057eda,c9758938dfa1309446faa6de62f96a1719e127c3,341a7ff965561ff8ae768b675877eabebc68f219,true,ps2 textures\HAS ALPHA\same sha1\no_mip_fixes\ui,false,true,5,remarci_4x_extra_smooth,false,0,false,false
000589dd.img,2db957073a631ca19adc409d9ea68dba8c0db6f1,d3a13da239b3cf05e00d6fe0247583e73a02a9d8,true,mc textures\HAS ALPHA\bp_remade\no_mip_fixes\ui,false,true,5,remarci_4x,false,0,false,false
0005cada,f7d34794449943a1efa434e3d04b64c3691f5ce3,8363ae2f5263b46a2363003c8e71b42b7340e4ba,true,ps2 textures\OPAQUE\no_mip_fixes\ui,true,true,5,remarci_4x,false,0,false,false
00063160,13c8dd6fcf80ed1626a6734bce3c50897c26e80a,ef99290772a0000b0e725f7b2996660f6bff0070,true,ps2 textures\HAS ALPHA\same sha1\no_mip_fixes\ui,false,true,5,remarci_4x,false,0,false,false
000641cb,cf212ac08bdea714c35db2286cd0eaf551e326a9,9f92d3e23f9fc24893796541b0512162fd459535,true,mc textures\HAS ALPHA\bp_remade\no_mip_fixes\ui,false,true,5,remarci_4x,false,0,false,false
00064917.img,d130374a47f8e57e0cd07fa39e65ac181e0104a6,d766cdcf75e7bc3b99127859664f482168a73eee,true,mc textures\HAS ALPHA\bp_remade\no_mip_fixes\ui,false,true,5,remarci_4x,false,0,false,false
0006afc6,846b97d9553806fa0bbaf906a39a4febdab4317d,074bb2d573d5c7673efa9cf8ed059128077a6ca7,true,mc textures\HAS ALPHA\bp_remade\no_mip_fixes\ui,false,true,5,remarci_4x,false,0,false,false
0007080a.img,33f071b3326da755795e4e1235845e2297b5d5db,9cdcd59e2071be2b1da95aa38d9c17f1441492ac,true,mc textures\HAS ALPHA\bp_remade\no_mip_fixes\ui,false,true,5,remarci_4x,false,0,false,false
00070eff,ce508860248f5da3bc978d581acf0cf767e2425b,078b454bf7ac0be0d1fc98e71dd3516c39bee37f,true,mc textures\HAS ALPHA\bp_remade\no_mip_fixes\ui,false,true,5,remarci_4x,false,0,false,false
000731a5,b61897fe15b3d4026022256524ed86c41cb97264,9debf1024609e637e9bd9ce667571e6fb46c617a,true,ps2 textures\OPAQUE\same sha1\no_mip_fixes\ui,true,true,5,remarci_4x,false,0,false,false
000737d1,53965b309b2f4aa3d941f78c500d53f31cd78643,fd2495de8fb44ed4889c9aaabb78fbf3ca7016da,true,mc textures\HAS ALPHA\bp_remade\no_mip_fixes\ui,false,true,5,remarci_4x,false,0,false,false
00075c08,f979d1c6f5fdc18a278aad8ee373cd6cb8dae84e,8a0a78e0af6f28fd7f9085311380ddb974378a62,true,mc textures\HAS ALPHA\bp_remade\no_mip_fixes\ui,false,true,5,remarci_4x,false,0,false,false
00078701.img,49ce30f7217b3de85275713b381a499e0cf2980f,92f6277e7d56c4af8943e345a332fb76dd0054e2,true,mc textures\HAS ALPHA\bp_remade\no_mip_fixes\ui,false,true,5,remarci_4x,false,0,false,false
00085893,8aa877743cb47eb72436f474945d27b9a41024ae,3d4b0196845448dcfce7ce94ec7b512ae96d9bcc,true,mc textures\HAS ALPHA\bp_remade\no_mip_fixes\ui,false,true,5,remarci_4x,false,0,false,false
000896f0,e2217db3e4b72959686a3fecb5a969aebe738e29,512c82c71ccb1b591793a9b5421d4142d57c13f4,true,ps2 textures\HAS ALPHA\no_mip_fixes\ui,false,true,5,remarci_4x,false,0,false,false
0008c0c8,dcbc0b063a3aea628b662887d0793d7d8d2aec45,234300b6a5e7c06d472262ceec1fefe44af55975,true,ps2 textures\OPAQUE\no_mip_fixes\ui,true,true,5,remarci_4x,false,0,false,false
00090e7c,97db4dd0b09236af2a9a8e11acc1a20ba6a42e7c,fe251aa02262e2cc4becc6b187166cb166281e7b,true,mc textures\HAS ALPHA\bp_remade\no_mip_fixes\ui,false,true,5,remarci_4x,false,0,false,false
000a365b,4ff8be52a822e8f08fecabeb4e1d86329738ec28,9202270ad90680cdaef6f1374a9cdcf7c4d84bb7,true,ps2 textures\OPAQUE\same sha1\no_mip_fixes\ui,true,true,5,remarci_4x,false,0,false,false
000a4397,2485196d30a430143dd31a29a79a00eb554587c8,5689715dc90a4815025a62cc33b7afa75d968e1a,true,mc textures\OPAQUE\bp_remade\no_mip_fixes\ui,true,true,5,remarci_4x,false,0,false,false
000aaff5,fe2c4871028e696eaa966b4ec18871900cb5f128,cfc38bf11a9b588b7a8f0a50142444670658c912,true,mc textures\HAS ALPHA\bp_remade\no_mip_fixes\ui,false,true,5,remarci_4x,false,0,false,false
000ab6a2,cc9ce020df580d3c63cc382d27003745d8daf98a,28a476a3a0a4bb259eac447037a598e26cd580b0,true,mc textures\HAS ALPHA\bp_remade\no_mip_fixes\ui,false,true,5,remarci_4x,false,0,false,false
000ac0c1,f33c26b5e4eb528ea9bee160dd6883250af3ed4e,3c4b741d6a07f8476ad4f93c1a64042c681bc5a8,true,mc textures\OPAQUE\bp_remade\no_mip_fixes\ui,true,true,5,remarci_4x,false,0,false,false
000ac2c8,8375569adc5c1910ced18cb430232e605a8a8a26,f251099c1ef1d724f66ec47a2262cd734b5eac2f,true,mc textures\HAS ALPHA\bp_remade\no_mip_fixes\ui,false,true,5,remarci_4x,false,0,false,false
000adf24,9440d8cffaa1364dc12230547a741834cb7f9998,c858365e68384b105c06efa2919998da5b18642d,true,ps2 textures\HAS ALPHA\no_mip_fixes\ui,false,true,5,remarci_4x,false,0,false,false
000af144,f944e9c226879761de0221cd0cac7ec8572b9dae,839f68a4c989e6c85aa2f2f6c870cf2d4a6c97c1,true,ps2 textures\OPAQUE\no_mip_fixes\ui,true,true,5,remarci_4x,false,0,false,false
000bac79.img,5aa740a666a338433a5945c8a97ea4173caa957c,3aba1daba0321f3b3e79c6a7aa3796b64aef58bb,true,mc textures\HAS ALPHA\bp_remade\no_mip_fixes\ui,false,true,5,remarci_4x,false,0,false,false
000baecd.img,7178a51902a8e5fd1ddcbe970954e2a2b4af4bc6,b4d4d699337a523385843a65f9df5b2f814a3ae4,true,mc textures\HAS ALPHA\bp_remade\no_mip_fixes\ui,false,true,5,remarci_4x,false,0,false,false
000baff5,ff3f6f2a1cf219a7f2293145d6014582f663293c,08cb4583c37faeedc0bac6836c7e9aa59c5b1d27,true,mc textures\HAS ALPHA\bp_remade\no_mip_fixes\ui,false,true,5,remarci_4x,false,0,false,false
000bfb12,e52f5f18dc48d9e3ac70e3db81e1a3b038ab2bb7,32fb6d23767613cbd60b929f5eb9fca6b654c15a,true,mc textures\HAS ALPHA\bp_remade\no_mip_fixes\ui,false,true,5,remarci_4x,false,0,false,false
000c4fe7,e71aa881f829ff2c6278618833029b625dbf6cea,4e145cc1dabffe4cf0b055930b2380e9e291b455,true,ps2 textures\OPAQUE\same sha1\no_mip_fixes\ui,true,true,5,remarci_4x,false,0,false,false
000cd008,9b19168b47d483a20bc2d45584a2e496baf6a2de,c259c5e385a7d43cbd9800c6a1d7ea87a76ee1bf,true,ps2 textures\HAS ALPHA\no_mip_fixes\ui,false,true,5,remarci_4x,false,0,false,false
000cd008_13565e4a4f19bb786921d49144460da5,dc95f7102c87b655bd5c51554b483d9bd2b0177f,7639bf4406fd9b2f4446ef22016752f6aa7b4762,true,ps2 textures\HAS ALPHA\no_mip_fixes\ui,false,true,5,remarci_4x,false,0,false,false
000d0167,d63cf4ba5bc179f4ca5a94cd3948384169057043,2ceaa0fba66cd3b00497655b37067e71cb576bb6,true,mc textures\HAS ALPHA\bp_remade\no_mip_fixes\ui,false,true,5,remarci_4x,false,0,false,false
000d6f06,c0b2d7769d0a15972634c150f782cdc216c1bd32,3a39cb0a2cda082d08ac34f6224e9d7c5844f2fd,true,mc textures\HAS ALPHA\bp_remade\no_mip_fixes\ui,false,true,5,remarci_4x,false,0,false,false
000d9828,fc16377aa746e0cdd99fa785364dcc5d2d1af70f,ec4ef3c48fea25f23834c38ed2fc028869927ab7,true,ps2 textures\HAS ALPHA\same sha1\no_mip_fixes\ui,false,true,5,remarci_4x_extra_smooth,false,0,false,false
000dbebc,d141f6b9c3df813d60056b226ddf0e19bfd2934d,5053ff86482bb1ca1c457ffa0e3c39b27f3c3caf,true,mc textures\OPAQUE\bp_remade\no_mip_fixes\ui,true,true,5,remarci_4x,false,0,false,false
000dd02c,2463dd45e2b014d3d5598171718e96ff64406f4c,5f09420b9e12d878b8f9fc417d73e52357f43767,true,ps2 textures\HAS ALPHA\same sha1\no_mip_fixes\ui,false,true,5,remarci_4x_extra_smooth,false,0,false,false
000eab46,0230718fd7017f161e899b1d2f7b62fcc32e871e,d9fdb06dd902d4d09b05e0c3e8ec7ccf2ef0b017,true,mc textures\HAS ALPHA\bp_remade\no_mip_fixes\ui,false,true,5,remarci_4x,false,0,false,false
000ecbfd.img,068b028415a8c35cef54a9b358fb2c4859773bac,7bf9043af75a261bba6ddb77d4a561693a0ad0f6,true,mc textures\HAS ALPHA\bp_remade\no_mip_fixes\ui,false,true,5,remarci_4x,false,0,false,false
000ef413,0b8d93436770cc8297fe077512e0a8e902114b05,b0e0da45ea5a1e15c32b5e3398acb5f23c6f6fbb,true,mc textures\HAS ALPHA\bp_remade\no_mip_fixes\ui,false,true,5,remarci_4x,false,0,false,false
000efe46,b84a787fede1c03009123a96682a83e0661c54bf,707695318a4fd306c04192225c0febdda8e4a6cc,true,mc textures\HAS ALPHA\bp_remade\no_mip_fixes\ui,false,true,5,remarci_4x,false,0,false,false
0010363e,59ea8d1243663126b79364db281ac986536fe08d,c0456a77dd9dc765ab849100d18792ee695c8877,true,mc textures\OPAQUE\bp_remade\no_mip_fixes\ui,true,true,5,remarci_4x,false,0,false,false
00104da1.img,9c890b31ead8909e142b8657fafb7329715fba6a,626c50d09b527a97e5f5bae9be49af3dfb3cf07f,true,mc textures\HAS ALPHA\bp_remade\no_mip_fixes\ui,false,true,5,remarci_4x,false,0,false,false
0010b399,f33141d29829760ea6640ab7cb04d96b15c53bba,e3723a0013db78bf06afa8981cfbe3cdb8ff6c2f,true,mc textures\HAS ALPHA\bp_remade\no_mip_fixes\ui,false,true,5,remarci_4x,false,0,false,false
0010d484,cf57515045f5e98c51789ee6151c80b00d8e9da8,55de65f798b89cfda6e608537fd1fcfdefa78119,true,ps2 textures\HAS ALPHA\no_mip_fixes\ui,false,true,5,remarci_4x,false,0,false,false
0010eab5.img,973ead044e8b7f8339468348fdf01297a99a7393,8bccb109e70454c9efc612890265fb36dfdcfea7,true,mc textures\HAS ALPHA\bp_remade\no_mip_fixes\ui,false,true,5,remarci_4x,false,0,false,false
00113632,6a8df1d6500f13686d6188e8d27289cb4d484ccd,1be51a983b7a28f62c9f883851de1bda033dab03,true,mc textures\OPAQUE\bp_remade\no_mip_fixes\ui,true,true,5,remarci_4x,false,0,false,false
0011366c,ea65e638d4e3fbe58f1165a5b6b6da3a73ab26e0,a26be75e358a44f06fc66604a50a17226616b171,true,mc textures\OPAQUE\bp_remade\no_mip_fixes\ui,true,true,5,remarci_4x,false,0,false,false
00114c3b,5aaeda030fe44e86e326b996b5e9befe6cfbbe27,fe16d438cf127f8e11b43d1bb8fba937401ec741,true,mc textures\HAS ALPHA\bp_remade\no_mip_fixes\ui,false,true,5,remarci_4x,false,0,false,false
001184f1,3275dc998b6c17351d510989ed79340214bf2fba,e0925692aa4300dff10a4bdd1293844edbfb669d,true,mc textures\HAS ALPHA\bp_remade\no_mip_fixes\ui,false,true,5,remarci_4x,false,0,false,false
0011b5d7,784c07fa908c566335a2ed9ef6b3c590db9ff112,e2dcb7051ab8e118b00ab720048ee61b0dca4e13,true,mc textures\HAS ALPHA\bp_remade\no_mip_fixes\ui,false,true,5,remarci_4x,false,0,false,false
0011b626,412b49806c8540433c44bc4577df7cbb9e3483b6,2072b8d34a5dc61f3233112dc1542b8816815ca4,true,mc textures\HAS ALPHA\bp_remade\no_mip_fixes\ui,false,true,5,remarci_4x,false,0,false,false
00123b67,02211b7ca3752c2ca332d6cfc79516326da348a6,bfbc65e89692ed196667db8e5ac1f4618b2a8967,true,mc textures\HAS ALPHA\bp_remade\no_mip_fixes\ui,false,true,5,remarci_4x,false,0,false,false
00125003,ec341301713ee0182286fca44ea1a3d9c7f18d37,994eb59137c68646c96fb9f9dca76e97742c1b9f,true,ps2 textures\OPAQUE\same sha1\no_mip_fixes\ui,true,true,5,remarci_4x,false,0,false,false
001260c2,5f9e6e35e458342d8a289bf09d73a91d9a4dc942,9fb0fca3e3c46a34470d3f8fa9a6a72b0c620a39,true,mc textures\HAS ALPHA\bp_remade\no_mip_fixes\ui,false,true,5,remarci_4x,false,0,false,false
001292a2,3eb6500beae8621899da76035abd4b48e64afa52,6a4c8df76257f9040c5bd11f84b21be0ad098ce3,true,mc textures\HAS ALPHA\bp_remade\no_mip_fixes\ui,false,true,5,remarci_4x,false,0,false,false
0012a3f2,812d08596232375b3a945ee4f105c31ed377cf25,757641ae97354d88d578c26db12dd6f921c3638f,true,mc textures\HAS ALPHA\bp_remade\no_mip_fixes\ui,false,true,5,remarci_4x,false,0,false,false
0012a655,23adc1f17b5a1935e79981fdabf4a67f76baa023,20dc656420b70bdda066b8474ae173302608d467,true,mc textures\HAS ALPHA\bp_remade\no_mip_fixes\ui,false,true,5,remarci_4x,false,0,false,false
0012b5d7,13cff2032287497c2334a7f65567566fc05553b6,ee88c769a87cfd769587b5239f24f352660f035f,true,mc textures\HAS ALPHA\bp_remade\no_mip_fixes\ui,false,true,5,remarci_4x,false,0,false,false
0012b626,326909c6ae9f72d97ee720fef3acece275e605b5,1e50eb6dba010c3597654e52a8f9ed5001c86949,true,mc textures\HAS ALPHA\bp_remade\no_mip_fixes\ui,false,true,5,remarci_4x,false,0,false,false
0012c0b4,3e9d1f523032859edf92dea771918b70a8ecb6b1,662da99d0a52cb90c324c32d0bf0bd46d1848ce0,true,ps2 textures\OPAQUE\no_mip_fixes\ui,true,true,5,remarci_4x,false,0,false,false
0012d046,b606292bba5e5aa67be486c70c6d1bd9d4538df5,0ab6967e4431e43fab4dfa311d690a9f763e7751,true,ps2 textures\HAS ALPHA\same sha1\no_mip_fixes\ui,false,true,5,remarci_4x_extra_smooth,false,0,false,false
00135a88,50a7e9d429b3a252353c7cb208e575c517a720f5,84ef9ef908df658cd0e057f344ff227428f6ad1f,true,mc textures\HAS ALPHA\bp_remade\no_mip_fixes\ui,false,true,5,remarci_4x,false,0,false,false
0013709b,a2e999ddd8173d2d1825f7235d3a299df5cd5389,af4645beb612a6ebbff76ab85552eb77b3aaf08a,true,mc textures\HAS ALPHA\bp_remade\no_mip_fixes\ui,false,true,5,remarci_4x,false,0,false,false
0013def6.img,821f43ca40ba39ca8f22ff06593a5d187065cd88,e20ca4ab3210d1d7e7673a46be40e15b3ed36463,true,mc textures\HAS ALPHA\bp_remade\no_mip_fixes\ui,false,true,5,remarci_4x,false,0,false,false
00141e76,5b221535a8227243a16a5d2b633be91ab77f1736,562262a2881dba0fdfe7394dba1afa59a0dccd8c,true,mc textures\OPAQUE\bp_remade\no_mip_fixes\ui,true,true,5,remarci_4x,false,0,false,false
00154e27,be1020880b8349b0302ac7d087c796011ae9797f,f573c2801d8757f0b222a8112d1934b551f56e46,true,mc textures\HAS ALPHA\bp_remade\no_mip_fixes\ui,false,true,5,remarci_4x,false,0,false,false
00154e2b,a49bc20848b8dbbf83da5cc416f3dd697a901ce2,4518a4730cd78932cd677abdc7f485b8876e5ffd,true,mc textures\HAS ALPHA\bp_remade\no_mip_fixes\ui,false,true,5,remarci_4x,false,0,false,false
00154e2f,93c4dec1c1d151270b2e0ca87226eea85824a376,f4c6e490d83b935dd72a6bff5cc3f9150fffe3b0,true,mc textures\HAS ALPHA\bp_remade\no_mip_fixes\ui,false,true,5,remarci_4x,false,0,false,false
00155d88,1b9f0240cc984e623ba9c49ab7e3a13e3dd9d836,345706f6c42181990a62acfe1f74659f9e1933a2,true,mc textures\HAS ALPHA\bp_remade\no_mip_fixes\ui,false,true,5,remarci_4x,false,0,false,false
00163d74,1f63f84fa2870a75297872ac5d8619257a29dfd4,52dfa762ac6911acfec6ae0ba7691a2b4be9916f,true,mc textures\HAS ALPHA\bp_remade\no_mip_fixes\ui,false,true,5,remarci_4x,false,0,false,false
00163fb5,fecaaa5d0edd1389b9781158db1d8d792ea1b2ef,581a1250608d42434a7d4bf3f7f1f7259c55a5c2,true,mc textures\HAS ALPHA\bp_remade\no_mip_fixes\ui,false,true,5,remarci_4x,false,0,false,false
0016829d.img,4926b98299a27fe7fd0b763b591f5da75f44f0ec,e4c81e1272d5e94edb0489e23cb94568e0976152,true,mc textures\HAS ALPHA\bp_remade\no_mip_fixes\ui,false,true,5,remarci_4x,false,0,false,false
0016ae13.img,bb70c8f5f29bba4e3f0f60c096b0f7a33a82bdb0,570e31c9c8b524c1ad8dc6c946a89c24f0bfeba6,true,mc textures\HAS ALPHA\bp_remade\no_mip_fixes\ui,false,true,5,remarci_4x,false,0,false,false
0016df98,b25a24d017339a14cb7da78db5558faba207ae42,5ced59f8548f928a1e3cd7dd9429be5b430e5bb5,true,mc textures\HAS ALPHA\bp_remade\no_mip_fixes\ui,false,true,5,remarci_4x,false,0,false,false
001703cb,0dae4cd887b082b8876c4f57d03c8b8f3ed4b41c,c2494d4f9e7745ad4bf5a07bcf25219567eeab06,true,ps2 textures\HAS ALPHA\no_mip_fixes\ui,false,true,5,remarci_4x,false,0,false,false
00178752,0b51bbbf2fa41432fa6fcfd01fd9b305b2e9af1d,dd40dbe84b045b8e5f45c4e016f349ce9b1704cf,true,mc textures\HAS ALPHA\bp_remade\no_mip_fixes\ui,false,true,5,remarci_4x,false,0,false,false
00184159,f702d0372a19a523ade2da168e41b2197b24e74c,140ab320fc633ad5c467f2978d39c7f1b40faa38,true,mc textures\OPAQUE\bp_remade\no_mip_fixes\ui,true,true,5,remarci_4x,false,0,false,false
0018e2e5,cb7c437a044524d00cca2208762c3d53c9aed617,ece179a9acc94fe560a9d776284bc2d9a63d6952,true,mc textures\HAS ALPHA\bp_remade\no_mip_fixes\ui,false,true,5,remarci_4x,false,0,false,false
0019115b,1252a6d5d8e347b8989bcf7dd59502c9f9c21193,683eab2377df53f332830afa2de9fedf36d9dd0a,true,ps2 textures\HAS ALPHA\manual\bp_remade\no_mip_fixes\ui,false,true,5,remarci_4x,false,0,false,false
00194261,a2ed1b8fafb56f09bc6d1273e53bbd62fea72abc,48830cba541f046d260bf23e9049b6c048b8757f,true,mc textures\HAS ALPHA\bp_remade\no_mip_fixes\ui,false,true,5,remarci_4x,false,0,false,false
00195db5,a3160cd33547a233c9d1edc9aa0ac2060a66639d,07335c79526e1a5d845fc54e3b36393079a3a74a,true,mc textures\HAS ALPHA\bp_remade\no_mip_fixes\ui,false,true,5,remarci_4x,false,0,false,false
0019800b,ac83f8c83c2ba17b4b7c0a37f7a22a9fa2f4f5db,37943babf90f21275655747461c1575a23a8ebd5,true,mc textures\HAS ALPHA\bp_remade\no_mip_fixes\ui,false,true,5,remarci_4x,false,0,false,false
001a1821,bb1f1817727e130550a670fc8de87a501b4ada34,457ae8fa62f1a9e5f48948686d0093063ffd635d,true,mc textures\HAS ALPHA\bp_remade\no_mip_fixes\ui,false,true,5,remarci_4x,false,0,false,false
001a72b5,68ed77bddfa6365fd639d425f3f91bc8796c5051,1b0e6efc72e462c8817399afa949e96eef42a255,true,mc textures\HAS ALPHA\bp_remade\no_mip_fixes\ui,false,true,5,remarci_4x,false,0,false,false
001a9cc0.img,1201c9e853de2f4474daa184eb54514513a0004a,23ba2f9391c84ae42f02ed145f099268f5cb3714,true,mc textures\HAS ALPHA\bp_remade\no_mip_fixes\ui,false,true,5,remarci_4x,false,0,false,false
001b43b4,54f8f6de08649b94918e4d2b46abf1b3dba90b25,f125d09d4522e8c32e37138c8919af74097c5aeb,true,mc textures\OPAQUE\bp_remade\no_mip_fixes\ui,true,true,5,remarci_4x,false,0,false,false
001b4bd8,87073b6ab5dd8220a1f8a1231ac798038ab970a0,ece0f0ac9040f55f08b5c44110781fc0d6bd2b7e,true,mc textures\OPAQUE\bp_remade\no_mip_fixes\ui,true,true,5,remarci_4x,false,0,false,false
001b662b,3d530a158369c3ff188a10cd2954172f967d106c,c4545599cf9cd5ae345a7741601c1207c5538e99,true,mc textures\HAS ALPHA\bp_remade\no_mip_fixes\ui,false,true,5,remarci_4x,false,0,false,false
001b72f7,2a1d09b0ca059bc65144c10a7e0b323f36b42ec0,9d4fef92017e0e264354f9e13470c2520c42bd26,true,mc textures\HAS ALPHA\bp_remade\no_mip_fixes\ui,false,true,5,remarci_4x,false,0,false,false
001ba28f.img,e1cbe0095c7e642a1be1eb9751fb61e72a6c1f01,dff7fed57b02baa41528fc214552705d4ea98ed0,true,mc textures\HAS ALPHA\bp_remade\no_mip_fixes\ui,false,true,5,remarci_4x,false,0,false,false
001bd7be,713fe41503dc648068e1ceef7e58ba882aa7729c,8731126f631262ed5b750d436027aa52706afed7,true,mc textures\HAS ALPHA\bp_remade\no_mip_fixes\ui,false,true,5,remarci_4x,false,0,false,false
001be510,8074873053a52b6b4c9f7d19691c98371a7bc22d,428d9578943ff2fc2377aeaf70aa4a31c5f0389e,true,mc textures\HAS ALPHA\bp_remade\no_mip_fixes\ui,false,true,5,remarci_4x,false,0,false,false
001beddd,4eddf18f3cf3395fe0ea061702e03708abff99c5,d98004d16d3e85a1c378efc3f333b962cc674321,true,ps2 textures\HAS ALPHA\no_mip_fixes\ui,false,true,5,remarci_4x,false,0,false,false
001c4bcb,17412dbf4d75170cd2ae95cde04492cdf1e78539,e656601ae648f4fe64463f19e6a47e5a5a79f382,true,mc textures\HAS ALPHA\bp_remade\no_mip_fixes\ui,false,true,5,remarci_4x,false,0,false,false
001c4bcb_893ec4e5e61202730c82f3c3dc3306f1,29a13621e05f7110216edf92700325c446391e83,b3c53f1a7e0c07482f940c2c9aa13486ac63c2b6,true,mc textures\HAS ALPHA\bp_remade\no_mip_fixes\ui,false,true,5,remarci_4x,false,0,false,false
001c886c,f443b883e3f222814a134a88d90f136d44925b1b,7310ab246ee666e5429c35b25e0aa256399564df,true,mc textures\HAS ALPHA\bp_remade\no_mip_fixes\ui,false,true,5,remarci_4x,false,0,false,false
001c8f27.img,4e557b427cd38b1a2a9babe2de3ebd44b7d53726,efa26ee3003a61b39eb6bd49dee2699b176ebb01,true,mc textures\HAS ALPHA\bp_remade\no_mip_fixes\ui,false,true,5,remarci_4x,false,0,false,false
001cee1b,1ff2ce332fc0802883b7fb5739a5766549bd92f8,043e00f1b9287686d77933ffdb835a7ed5f0c006,true,mc textures\HAS ALPHA\bp_remade\no_mip_fixes\ui,false,true,5,remarci_4x,false,0,false,false
001d2980,b007736e203df09ab40e4012bb562422253e7d79,347f06c4fea2d38b325778dab7144be0720b5df5,true,mc textures\HAS ALPHA\bp_remade\no_mip_fixes\ui,false,true,5,remarci_4x,false,0,false,false
001d5893,b21b564da11d50977bc13b59f0f9f696511a5882,e86e2ff811b0bb8a35f6e9c5620ccb844339a6bc,true,mc textures\HAS ALPHA\bp_remade\no_mip_fixes\ui,false,true,5,remarci_4x,false,0,false,false
001d9f6f,8fb88528dd17975f3c5c208d16244534a5c90bf6,71a4e8e0e546ba3caef2bd638c92a2b2f5547749,true,ps2 textures\HAS ALPHA\no_mip_fixes\ui,false,true,5,remarci_4x,false,0,false,false
001dcfc8,904181d6888209ea7c5c9776f4e0e2cac58183d6,fac6f2e03c220b9b1683566f940450974711c0c7,true,mc textures\HAS ALPHA\bp_remade\no_mip_fixes\ui,false,true,5,remarci_4x,false,0,false,false
001e4234,c81e222e7ce4d44cb3f9ef7c416cd0a92a018d0d,88742a620fec67e23fd12308db03d9d79dc5c830,true,mc textures\OPAQUE\bp_remade\no_mip_fixes\ui,true,true,5,remarci_4x,false,0,false,false
001e7a1d,fac036f3b5b696a8b3cd0ac5c455b23869a4bd64,be7113c720462a45e1de3a890dcbca67d8698cbd,true,mc textures\HAS ALPHA\bp_remade\no_mip_fixes\ui,false,true,5,remarci_4x,false,0,false,false
001eaab3,e600b72c0fa108160a94b50f172d3f28b3167226,ffddb355b3aadc7a148d4fbec2fa99b74adb9382,true,mc textures\HAS ALPHA\bp_remade\no_mip_fixes\ui,false,true,5,remarci_4x,false,0,false,false
001fcbdf,c04dae8aec769dd23c5dc6fbcb50058b83219aa1,d1c58761a3cacd4424cb49c22cdc1394260860c8,true,mc textures\HAS ALPHA\bp_remade\no_mip_fixes\ui,false,true,5,remarci_4x,false,0,false,false
001fd043,3e533f0fd38320ce9262ea8418036dd64cfba0d0,bbf6b370d24097f7fb7d509a105e25b68e0e165d,true,mc textures\HAS ALPHA\bp_remade\no_mip_fixes\ui,false,true,5,remarci_4x,false,0,false,false
001fd043_cf6f6ffd8dfa5a03e150da0f1347fc82,61685f114783d750a734efdf59605fc015cc533e,5ccd6c962a66efb8b13b2322caeb9c4b0c36a7a6,true,mc textures\HAS ALPHA\bp_remade\no_mip_fixes\ui,false,true,5,remarci_4x,false,0,false,false
00200126,b71145e6183b38fa4e853e1ae1488c3b3b578ed3,a74db20cebbc6b0b5c58c83777f286ef0e8d4145,true,mc textures\HAS ALPHA\bp_remade\no_mip_fixes\ui,false,true,5,remarci_4x,false,0,false,false
002043af,83da2d1cefa51942f65152339fc43a663b458eb6,dd1433819e3c31bd96c54b3945629073270986d2,true,mc textures\OPAQUE\bp_remade\no_mip_fixes\ui,true,true,5,remarci_4x,false,0,false,false
0020a9c7,13fe9d6086a0c7ab7a1a454b6ee51b0d84a7618b,b72ddeb37eb85a26cf655035f07fb97feb0cccd0,true,mc textures\HAS ALPHA\bp_remade\no_mip_fixes\ui,false,true,5,remarci_4x,false,0,false,false
0020e365.img,55974b98c59fe1298013ef4151663191290a4188,3df0b6c6044a6f5a63ecf6af7c4a72e1543231f0,true,mc textures\HAS ALPHA\bp_remade\no_mip_fixes\ui,false,true,5,remarci_4x,false,0,false,false
0021435e,1d29e8c933b6201a3f9c94e5052eb07a476dacbb,cf841037ecc13f808e9623897d2395e7580af8cd,true,mc textures\HAS ALPHA\bp_remade\no_mip_fixes\ui,false,true,5,remarci_4x,false,0,false,false
00214362,8b3e8fb5617f3bf762f47b5cdfd2cd6c87219ca0,de3f6e0e3c507c1ff36e97218fba07a41ce6973b,true,mc textures\HAS ALPHA\bp_remade\no_mip_fixes\ui,false,true,5,remarci_4x,false,0,false,false
00214366,b687bd1501209f619ad5afe3bda7d0bfdf34b7c3,10d878cd8347f5e8a41e26285584c594b0688217,true,mc textures\HAS ALPHA\bp_remade\no_mip_fixes\ui,false,true,5,remarci_4x,false,0,false,false
00215d88,2bfcbf85ddf4fab5fbaadddec1af874fbe033146,f0d3429c34dfdd78ccc0d23bceb3bac31c9f2bdb,true,mc textures\HAS ALPHA\bp_remade\no_mip_fixes\ui,false,true,5,remarci_4x,false,0,false,false
002224c5,1a4b3f954daf0ebec9b49e2e82ac3f17f54d2133,c0b41bb53be90a86dfcd5002615a2860b47f72b3,true,mc textures\HAS ALPHA\bp_remade\no_mip_fixes\ui,false,true,5,remarci_4x,false,0,false,false
00225e9c,5735d73b208c7367034126f4850691dc17869c4c,8e3d9929767e67781b47636f195ebc79377c56c2,true,ps2 textures\HAS ALPHA\no_mip_fixes\ui,false,true,5,remarci_4x,false,0,false,false
00229c1c,df3c57c6c4bd98fcac3db28a6a307fccafe12e68,5f1cdac18bb5a87bc5b918bf04c25d83c335dc40,true,mc textures\HAS ALPHA\bp_remade\no_mip_fixes\ui,false,true,5,remarci_4x,false,0,false,false
0022c1bb,e9ef798d22f323304709b31d7864c2f2cf37d127,cdf3a741e7b7ca39a044b7652ec6ac5cfe3878a9,true,mc textures\HAS ALPHA\bp_remade\no_mip_fixes\ui,false,true,5,remarci_4x,false,0,false,false
002323d4,9c553a1787cf9f16662c0086565cc70deb37712a,04983960402e6f59130f46508beab365133ad1c5,true,mc textures\HAS ALPHA\bp_remade\no_mip_fixes\ui,false,true,5,remarci_4x,false,0,false,false
002343af,07ba6cd8e5e1dc0b9cc760be248a1a82c5d69448,99584501846979c57060ff10c73b1a86d3c9d159,true,mc textures\OPAQUE\bp_remade\no_mip_fixes\ui,true,true,5,remarci_4x,false,0,false,false
002362e7,116af447fa17c7c2c0e4f0bf89482f28463ef6b6,77e3b5d847c27d73d6d885e4256db54e386d1208,true,mc textures\HAS ALPHA\bp_remade\no_mip_fixes\ui,false,true,5,remarci_4x,false,0,false,false
00238f30,17f017a1444f16bf2874f3682b0f525b5c22d922,655bb675f5494d52b3b96032d6102665f06ce83c,true,mc textures\HAS ALPHA\bp_remade\no_mip_fixes\ui,false,true,5,remarci_4x,false,0,false,false
0023c110,cecee5268217f2054f5ca7942f83c7750e231c32,c7b3e5ee281915b232630a65faa37cb1ceb797e1,true,mc textures\HAS ALPHA\bp_remade\no_mip_fixes\ui,false,true,5,remarci_4x,false,0,false,false
0023d260,1e31136425194da729713de30e1ebbc44888c08a,1b12204b0b4bc91088d429b0c8009164c3649f98,true,mc textures\HAS ALPHA\bp_remade\no_mip_fixes\ui,false,true,5,remarci_4x,false,0,false,false
0023fe46,08bbb7c4873f9336ca452c937c3fb0b6f26fb82f,4efe6bdd86c7bf7aec7fd35967b59963cee8427c,true,mc textures\HAS ALPHA\bp_remade\no_mip_fixes\ui,false,true,5,remarci_4x,false,0,false,false
0024436b,bfdb71ab8253878775794562cd540d74bdba5cbf,c6610b01136443486e6fdf343c993c2f05dd9562,true,mc textures\OPAQUE\bp_remade\no_mip_fixes\ui,true,true,5,remarci_4x,false,0,false,false
00253762,26b35a3a260d1c4e2a5f564645880bf9800d3e21,2d36f1739a5992ce43135dc50732bec148a7fe0b,true,mc textures\OPAQUE\bp_remade\no_mip_fixes\ui,true,true,5,remarci_4x,false,0,false,false
0025962b,c022ad7618f014f483f8ab7c0b58faa81326246e,0a1eccca423e3cf40057a0cdea852ba5a7cbf0b1,true,mc textures\OPAQUE\bp_remade\no_mip_fixes\ui,true,true,5,remarci_4x,false,0,false,false
0025963b,9b3636bfd1ce5c7a2a3eba5440e5f3b166661a8d,07f8731d54bba6a2e5e3af75f8d63dd04d233b7e,true,mc textures\OPAQUE\bp_remade\no_mip_fixes\ui,true,true,5,remarci_4x,false,0,false,false
00264366,79f8ecb891d583d18134288690ad2c55c6d4012b,75afdf67fb509ca33c87aeb7178c281e7c1efccf,true,mc textures\HAS ALPHA\bp_remade\no_mip_fixes\ui,false,true,5,remarci_4x,false,0,false,false
0026436e,3e4f0169c2d7fe13fa3578cad6697c44178daefb,d9b60c146f0656af5aa057fcce376443350f6d6b,true,mc textures\OPAQUE\bp_remade\no_mip_fixes\ui,true,true,5,remarci_4x,false,0,false,false
0026bb45,20db65c3474fc4cc50bab29c110a703e42a449c7,f7dbe01b682f99729968c9358cf837282ed93df4,true,mc textures\HAS ALPHA\bp_remade\no_mip_fixes\ui,false,true,5,remarci_4x,false,0,false,false
0026d01e,2a96e723d41bf05aadfd9bc52430f46ba0408c22,8fee8c6fcd1d298d8ff17c0d6b66e1c9aaa3880b,true,mc textures\HAS ALPHA\bp_remade\no_mip_fixes\ui,false,true,5,remarci_4x,false,0,false,false
0026dab5,afb86684de43fa5daa0eb0479df035aec4c489af,1d28802ae1c9894f2ac5b64f6be1dfbdc8abd73c,true,mc textures\HAS ALPHA\bp_remade\no_mip_fixes\ui,false,true,5,remarci_4x,false,0,false,false
002737d0,b2ec8176f125456317a3ee745b80ad76a1b1b632,3fdc3093e9b658c8f76ad251489a3ec479c12417,true,mc textures\HAS ALPHA\bp_remade\no_mip_fixes\ui,false,true,5,remarci_4x,false,0,false,false
00273b68,ce8b74756ffa84a9e31ef047c66fbaf68bbb0413,2a9902a52a658296fc14e5697832c4535c429775,true,mc textures\HAS ALPHA\bp_remade\no_mip_fixes\ui,false,true,5,remarci_4x,false,0,false,false
00274fc0,c615385eff7df1349a951f9f03b0f14088de9c76,760fe7c9a73f4b17ce875f2d8152a62359e119ab,true,mc textures\OPAQUE\bp_remade\no_mip_fixes\ui,true,true,5,remarci_4x,false,0,false,false
00275011,1b58e31527bf254d4e321d538c5e67e79fca1e9d,b2c48fa941d199a42d160a192437593c1556ee8e,true,mc textures\OPAQUE\bp_remade\no_mip_fixes\ui,true,true,5,remarci_4x,false,0,false,false
00280305,ebc9afaf7f7d668cbe944817a4e271d1cb9c2b99,8f970b83b906ea994169c8908cf7636598bf9884,true,ps2 textures\HAS ALPHA\no_mip_fixes\ui,false,true,5,remarci_4x,false,0,false,false
002855a1,45d561de9ea5c9145713d790aca000fe15074115,dca520adaa3267a47d3c2c6bfa661275d6bcd145,true,mc textures\HAS ALPHA\bp_remade\no_mip_fixes\ui,false,true,5,remarci_4x,false,0,false,false
00285de1,dfd7ff5844eb5b48b660155fe23a0e664555737a,c653414e17980046893312ff17543c9c00bb7395,true,mc textures\HAS ALPHA\bp_remade\no_mip_fixes\ui,false,true,5,remarci_4x,false,0,false,false
00285de1_f245571f9abe622359ead9324d4b106f,a0b5d132c1e2aca7d5dbe565b22eab89aa4fe446,f85e62d583ae6c2634441ccdb0b831a7f936c48d,true,mc textures\HAS ALPHA\bp_remade\no_mip_fixes\ui,false,true,5,remarci_4x,false,0,false,false
00289658,746ff60af490c248aec52f0a2555a50e2051d46d,a706831e7a596f8247c9db760f73f3f1a950d675,true,mc textures\OPAQUE\bp_remade\no_mip_fixes\ui,true,true,5,remarci_4x,false,0,false,false
002943af,2a1afe371a751069d35c93c690d5b515980a90d8,0c4467aa8e06ea963dc8fe8b85808e5ba6c37460,true,mc textures\OPAQUE\bp_remade\no_mip_fixes\ui,true,true,5,remarci_4x,false,0,false,false
002abcc9,077941a82d7afea8d3af3f3b0ad355aacea9a03e,d74fcdf0fb03f17609f0ab75df7793544b30d80e,true,mc textures\HAS ALPHA\bp_remade\no_mip_fixes\ui,false,true,5,remarci_4x,false,0,false,false
002b5ada.img,6f6ac635dd8b2c13c0189bccf25c1915e4d80eb1,54fca9f050e0ee0aafa236497672ed7d53c8f3ac,true,mc textures\HAS ALPHA\bp_remade\no_mip_fixes\ui,false,true,5,remarci_4x,false,0,false,false
002b9eec,02b06eeb7c331667fb61d3705c900793c9a7acb4,19af20b9a1df67ebd94de56a969e36cc92c71c9a,true,mc textures\HAS ALPHA\bp_remade\no_mip_fixes\ui,false,true,5,remarci_4x,false,0,false,false
002bb5de,a008495615c8f4e3906b84dc0253c2e0b64d22c1,6aecc0c2f17d9ad675fff39a1bc09ae3d2376f7b,true,mc textures\HAS ALPHA\bp_remade\no_mip_fixes\ui,false,true,5,remarci_4x,false,0,false,false
002bb91a,0de59cd21a9fd47b8aec19bfb0283659bf6c0b4a,760e669e5cf33123d5dbdf0620b511af302dc397,true,mc textures\HAS ALPHA\bp_remade\no_mip_fixes\ui,false,true,5,remarci_4x,false,0,false,false
002bcf9b,a0e8321e8cae3ff38e06a95ed7fff37a26022828,205827a03d068849ec948f38caeaef8f595fbff0,true,mc textures\HAS ALPHA\bp_remade\no_mip_fixes\ui,false,true,5,remarci_4x,false,0,false,false
002bd89d,a00fab0c157e7d7bf6fb0dd439917969b369d148,d6476fb30227772565e236f8b5a7603ba41d9176,true,mc textures\HAS ALPHA\bp_remade\no_mip_fixes\ui,false,true,5,remarci_4x,false,0,false,false
002c4dcc,7ee55089405a4cb168423fe525436ac859a1429f,30d6f5705af8a5ed494efa295dc50b3a49bda7af,true,mc textures\HAS ALPHA\bp_remade\no_mip_fixes\ui,false,true,5,remarci_4x,false,0,false,false
002c9ee8,55c192af8a086a85aebcb7a6d86dfd3c2304b4bc,fb1430060482ab924071cbf2872fcde338f02e27,true,mc textures\HAS ALPHA\bp_remade\no_mip_fixes\ui,false,true,5,remarci_4x,false,0,false,false
002cb5de,b2c9a53084755c133beb90fe4513aeacb588e8fc,d9735afd13b1a0dd1b362340c932c99fa9203f69,true,mc textures\HAS ALPHA\bp_remade\no_mip_fixes\ui,false,true,5,remarci_4x,false,0,false,false
002cb85e.img,e25d94118ce9e2080c6d7652cb90f2979b6634df,30e80ff8fc8754e64ac5bb9c56691780e080b2ee,true,mc textures\HAS ALPHA\bp_remade\no_mip_fixes\ui,false,true,5,remarci_4x,false,0,false,false
002d12fd,fe2e97617f1d348cc2ac2da1688f270d76ea7da9,8b4f68ae086cbded3743a2ff93ad2600998a25ce,true,mc textures\OPAQUE\bp_remade\no_mip_fixes\ui,true,true,5,remarci_4x,false,0,false,false
002d265e,ec50d1e3b59eaaf1cd89f0d93a1615077b15221e,6ebf7b9b44de3e4a320c151a33a5be247d0c778a,true,mc textures\HAS ALPHA\bp_remade\no_mip_fixes\ui,false,true,5,remarci_4x,false,0,false,false
002d265e_eabfc4a85ac1e68d7f33d0bcdb183243,f9389e0761d80b97088fe19e0f59f68467d17b80,fcfdb3de9e7db42f18da59a2a684aee2f59f8646,true,mc textures\HAS ALPHA\bp_remade\no_mip_fixes\ui,false,true,5,remarci_4x,false,0,false,false
002d366f,d685d4d024ddb7779abb14f9885036b336c66f6b,dc1c17f1b9c18288213ed2e70a9fa39ee22ea6d5,true,mc textures\OPAQUE\bp_remade\no_mip_fixes\ui,true,true,5,remarci_4x,false,0,false,false
002d5bb8,8db45bfae43a818a7f80a962c407b8472804a172,bc870d174070be9c75b4fb7593cbc9b6c7778a6c,true,mc textures\HAS ALPHA\bp_remade\no_mip_fixes\ui,false,true,5,remarci_4x,false,0,false,false
002e27cc,9fbab0a583c44fa7ff215c21499838f24f6abaee,0ca420ba65925357b6c8ec8a6f96a91c21ad5416,true,mc textures\HAS ALPHA\bp_remade\no_mip_fixes\ui,false,true,5,remarci_4x,false,0,false,false
002e3854,12a1575c55fcd4115884b56b0afad9e6f8e4c708,1a008b95fa614cf77c1839a0bde7c828f431c925,true,mc textures\HAS ALPHA\bp_remade\no_mip_fixes\ui,false,true,5,remarci_4x,false,0,false,false
002e44cc,a3cf6c9cfd815c970e387e0de3b7f901ae003a07,ac0e8af9ebf330390228cd29fdb8df9ff3403237,true,mc textures\HAS ALPHA\bp_remade\no_mip_fixes\ui,false,true,5,remarci_4x,false,0,false,false
002e4920,975244edef748447741ad9f578473fca71ea81f3,807cb81024ad4088a8d7d9982776743e6c1d9dff,true,mc textures\HAS ALPHA\bp_remade\no_mip_fixes\ui,false,true,5,remarci_4x,false,0,false,false
002fd5df,248dd50d28de8e575fca0dd8ba9d1f93a387b485,f1fff498ad2116e73c6778800b65dc7e50e144c9,true,mc textures\HAS ALPHA\bp_remade\no_mip_fixes\ui,false,true,5,remarci_4x,false,0,false,false
002fd5df_93e6fbc8e11d669b422a93b924301636,23f90dd9792a5bde711c024307e5a7b5f7897126,9923b634004aa1d3139b384bc812fbb2e61c55ca,true,mc textures\HAS ALPHA\bp_remade\no_mip_fixes\ui,false,true,5,remarci_4x,false,0,false,false
0030965f,f69f2d2e2059b885141927ce3ea1f541e39b68a4,10f49d70e77310808ac7045abde7fc354639f258,true,mc textures\OPAQUE\bp_remade\no_mip_fixes\ui,true,true,5,remarci_4x,false,0,false,false
003157a0,4a5fcbeba8b69c1cd4b2399defbf58f971e2225a,28cb1e72e0e64c315d5f55049a7b0724e109cee4,true,mc textures\HAS ALPHA\bp_remade\no_mip_fixes\ui,false,true,5,remarci_4x,false,0,false,false
0031e51a,f38669c82a2a97d3683cbcb4e354f46494f7327e,615132951d703e50a59ece2d75b77323033c1285,true,mc textures\HAS ALPHA\bp_remade\no_mip_fixes\ui,false,true,5,remarci_4x,false,0,false,false
00322317,e16b86658afdaeffcbe10d4e57125b5f7f4024b5,43bcba5197a9b02be58c5dfd09542756266e2383,true,mc textures\HAS ALPHA\bp_remade\no_mip_fixes\ui,false,true,5,remarci_4x,false,0,false,false
00330503.img,7969decac3e9f1d3beffa9b4c99a625b68df0650,b7e1260f5dfd9477e59bf6aee6c80c4df4ce6ed6,true,mc textures\HAS ALPHA\bp_remade\no_mip_fixes\ui,false,true,5,remarci_4x,false,0,false,false
003326d9,8569925911ea15d10b3522bc897880b600c9edd2,5b99d7d58b14ca4ade1b616a86f9afd9983edd2c,true,mc textures\HAS ALPHA\bp_remade\no_mip_fixes\ui,false,true,5,remarci_4x,false,0,false,false
00337d1f,7e205d94acc1cfbc74173ac6deaabcc77c9e6688,0820d67dde33889c5e7e0ba294c22bff326ed60d,true,ps2 textures\HAS ALPHA\same sha1\no_mip_fixes\ui,false,true,5,remarci_4x_extra_smooth,false,0,false,false
00337f00,da2adfae2e496ee32017202c131f6f738a4ea329,bd07ceacd69e99483c8ace4fc49d9296a9081fb7,true,mc textures\HAS ALPHA\bp_remade\no_mip_fixes\ui,false,true,5,remarci_4x,false,0,false,false
0033b530,29ed6eef958b66838100c59ddf3dea14a7e1bd7c,1919eb9cca7b40e4df27f9426f19e2d2f99a5bad,true,ps2 textures\HAS ALPHA\manual\bp_remade\no_mip_fixes\ui,false,true,5,remarci_4x,false,0,false,false
0033cfc7,40c2ba3996a9e9cacbb26ec5768eeeffd67f8740,f75e95f45d263649ff027662b95dff0a2b38e77b,true,mc textures\OPAQUE\bp_remade\no_mip_fixes\ui,true,true,5,remarci_4x,false,0,false,false
0033f6ad,e4d7458463167864bb2c1527158d6d017d282974,7421bb2ac50b4c3b4002c5ee79e46e34872ec886,true,ps2 textures\HAS ALPHA\same sha1\no_mip_fixes\ui,false,true,5,remarci_4x_extra_smooth,false,0,false,false
00342f5b,7215332820de449f1d9c5e33100116ccab3061d6,fe8c05760b40527c951f6e5646eae1a6277a0992,true,mc textures\HAS ALPHA\bp_remade\no_mip_fixes\ui,false,true,5,remarci_4x,false,0,false,false
00348890,fffe3ecc6a0bab9408216ade9a76044c26f39cf5,2435dfb34c35732c44ebe406bfaab511592b9489,true,mc textures\HAS ALPHA\bp_remade\no_mip_fixes\ui,false,true,5,remarci_4x,false,0,false,false
0034df8e,25e0fe126ce4b7c5c6ff4c8e070677d244ee5791,1cd249af4937ab50f3a3591d59d30581f3028aee,true,mc textures\OPAQUE\bp_remade\no_mip_fixes\ui,true,true,5,remarci_4x,false,0,false,false
0035095c,ad3adbf265737ad9948cd38bd013c4d32d7e9a4f,3af801c43c8ff691b3554f7397af08fc02650188,true,mc textures\HAS ALPHA\bp_remade\no_mip_fixes\ui,false,true,5,remarci_4x,false,0,false,false
00354e27,064a766a12a4537bb808e292f8901c118141d6a1,07db4b66350d74dee96c108ad4b9c11c44dc8e0a,true,mc textures\HAS ALPHA\bp_remade\no_mip_fixes\ui,false,true,5,remarci_4x,false,0,false,false
00354e2b,609e48d48019f0cc2683836fc2d1c2699f5a5d7c,7783e79f657c54c26aa30f6a74c7138ce93ab345,true,mc textures\HAS ALPHA\bp_remade\no_mip_fixes\ui,false,true,5,remarci_4x,false,0,false,false
00354e2f,97fb2d8237f50d6b55f0a5f8642e343d4eb0a92d,661540fb21bf21a1682bb25b33cdf5cbfc31246a,true,mc textures\HAS ALPHA\bp_remade\no_mip_fixes\ui,false,true,5,remarci_4x,false,0,false,false
0035ded2.img,b8230f395fe1174f3fb2afcfa8dceee895742ae5,3afb2a9554f5472e942e7d0419f550d870e8dc75,true,mc textures\HAS ALPHA\bp_remade\no_mip_fixes\ui,false,true,5,remarci_4x,false,0,false,false
00360eea,215c24f4a9b0a559f9e1cfa7c1ef9d225c05bafe,d12e19f1daa6cb483ce2e95d1dc7134585680eab,true,mc textures\HAS ALPHA\bp_remade\no_mip_fixes\ui,false,true,5,remarci_4x,false,0,false,false
0036a317,00a8031d3782e8586ad6c3ab0c09db15383e65d5,3d0fa01ace2a5fb5520dc6d14896efd00dcb9086,true,mc textures\HAS ALPHA\bp_remade\no_mip_fixes\ui,false,true,5,remarci_4x,false,0,false,false
003797aa,c22416776a059c7c829b5502504359afcb35cc37,96b71d3094b224f6597ae8df46ecd6f6bed8a90f,true,mc textures\HAS ALPHA\bp_remade\no_mip_fixes\ui,false,true,5,remarci_4x,false,0,false,false
003886e9,24d5f5f0d65d8aa0153755e3914a4ace5a34e230,3c632bec025279584a01ed6a880fb3ed5f26e8af,true,mc textures\HAS ALPHA\bp_remade\no_mip_fixes\ui,false,true,5,remarci_4x,false,0,false,false
0038f2a7,f55739f81eecbc19449d1f0818c1274bb79c6c7e,d2768e83b008819cd9d6798c8bc724c1b75b55e3,true,mc textures\HAS ALPHA\bp_remade\no_mip_fixes\ui,false,true,5,remarci_4x,false,0,false,false
0038f2a7_5def0cd149f56d9b37bda645a51e60c5,5ec9a9d2962efc705e43a63d92afe1eb31d3a68f,69c9f547968d1927e61192af51b2db4783f54f37,true,mc textures\HAS ALPHA\bp_remade\no_mip_fixes\ui,false,true,5,remarci_4x,false,0,false,false
0038f811,d3d958ee564987b70314cae6adf02d3a9e2fba28,894ae65796532126aeeb34218da0e768f16edfda,true,ps2 textures\HAS ALPHA\same sha1\no_mip_fixes\ui,false,true,5,remarci_4x,false,0,false,false
0038ff86,3116e4c89b85f39c03df9a777746d1d532b9d9dd,d19b056bba76e85821e5d8d211be4e8cedc8a6bd,true,ps2 textures\HAS ALPHA\same sha1\no_mip_fixes\ui,false,true,5,remarci_4x,false,0,false,false
003987a9,c7dde2733c7766f1d795d342acb15ebb88ad09c1,1ed8a21d5a349db9c043dc072d1392c1ce2c2c63,true,mc textures\HAS ALPHA\bp_remade\no_mip_fixes\ui,false,true,5,remarci_4x,false,0,false,false
0039a697,a79d0e9f90a9c0b9c3327dd9168ccf65fb0f8394,91098fb8ac67edac6f48cf9e77ae028626e7af39,true,mc textures\HAS ALPHA\bp_remade\no_mip_fixes\ui,false,true,5,remarci_4x,false,0,false,false
0039b4db,6e938128254a0d041b53ae6676fa0a9c3d857a01,22af6309a3701cae12c0be45251235231e76419d,true,mc textures\HAS ALPHA\bp_remade\no_mip_fixes\ui,false,true,5,remarci_4x,false,0,false,false
003a0253,3cec09b797ee033b43f7953101a5bdd47366be59,3ab79442344aaaf16c4ae21eb7743fb067dbad76,true,ps2 textures\HAS ALPHA\manual\bp_remade\no_mip_fixes\ui,false,true,5,remarci_4x,false,0,false,false
003a437d,3aa7659101b76b935f312a3fc7b87f85022276df,85f9c8663aa4245aeed43c2018bb404ba4521dfa,true,mc textures\OPAQUE\bp_remade\no_mip_fixes\ui,true,true,5,remarci_4x,false,0,false,false
003a52ae,1e58bf7f73e808e222693a2d0511a2e21f013de7,91544b57609c350d7b7fcefb4bf5fe4e072885ee,true,mc textures\HAS ALPHA\bp_remade\no_mip_fixes\ui,false,true,5,remarci_4x,false,0,false,false
003ab5aa,200c8c3dd40a9afa35cd1e24a7edbd080d98046f,4ee35276eb66189a26b0a999fb956bbe28a89e69,true,mc textures\HAS ALPHA\bp_remade\no_mip_fixes\ui,false,true,5,remarci_4x,false,0,false,false
003b6d6f,1b00ddeb8374cba39b7aed9afa895daebed07c63,d7bdae21150d47ecc4b99f5e749cfdcfc43e8766,true,mc textures\HAS ALPHA\bp_remade\no_mip_fixes\ui,false,true,5,remarci_4x,false,0,false,false
003b6f66,5ef90bf959617559ee09d737a96ebd034cc19cef,a77b078362e85346fa580b395167f35f248af91c,true,mc textures\HAS ALPHA\bp_remade\no_mip_fixes\ui,false,true,5,remarci_4x,false,0,false,false
003b9652,e8b2085c5d53509706054a49bd93e46f1882026b,344fdde18dd3f443a61f2ac45f391d356310e4b3,true,mc textures\OPAQUE\bp_remade\no_mip_fixes\ui,true,true,5,remarci_4x,false,0,false,false
003bcaaa,379df14e56be27dcfe358b6564472bdc2646ebbd,1ce071fecc129951542402b23e968095a594bc97,true,mc textures\HAS ALPHA\bp_remade\no_mip_fixes\ui,false,true,5,remarci_4x,false,0,false,false
003bd3e7,d085d9a8a46f03b4d25b3e25512a6643a398e09d,bd3653942ad1c41ecead836e5486c95641b0a29d,true,mc textures\OPAQUE\bp_remade\no_mip_fixes\ui,true,true,5,remarci_4x,false,0,false,false
003cb15f,875ca818483e66ffc855eb7249c807e0765075c3,e7ee4a5ee14413d720195b3ef09166b4f56db996,true,ps2 textures\OPAQUE\no_mip_fixes\ui,true,true,5,remarci_4x,false,0,false,false
003d06bf,61ef5818ebf2ec31eeac1b1248147346c0f63587,c2064009230368be07b64dd314f5d793001fb7d6,true,mc textures\HAS ALPHA\bp_remade\no_mip_fixes\ui,false,true,5,remarci_4x,false,0,false,false
003d0d74,4494d25cd7dcc513335b382a50178f03d80a783b,493ef038ae5f2d46388c76013c160d640af53501,true,mc textures\OPAQUE\bp_remade\no_mip_fixes\ui,true,true,5,remarci_4x,false,0,false,false
003e1f7a,1226422d50b2de98de52633ed211119d185aedad,28aacb7b96b30d7cfbb184aa1c2530b18b40a1bc,true,mc textures\HAS ALPHA\bp_remade\no_mip_fixes\ui,false,true,5,remarci_4x,false,0,false,false
003e24e2,ceb84971953ce74965e7f482727c502c882a8832,1d4c19d5082739da769fde87198d17554ad7664d,true,mc textures\HAS ALPHA\bp_remade\no_mip_fixes\ui,false,true,5,remarci_4x,false,0,false,false
003e43b2,f33502c9c9bbd48087bffa1b8289be92eaa3db56,82b2fe058dbe254553e1a4e869d451a9e25ea489,true,mc textures\OPAQUE\bp_remade\no_mip_fixes\ui,true,true,5,remarci_4x,false,0,false,false
003f1510,4d9cfbcd9922be625507822671d4f5f72db55015,260ee7b39375c5b9b3b350f5532161df8ea3b69e,true,ps2 textures\HAS ALPHA\manual\bp_remade\no_mip_fixes\ui,false,true,5,remarci_4x,false,0,false,false
003f6fad,776f405f9bf6e6beec98ce1d5012e2757e758ea0,ccd8c24a2e84111685b506804229cddd4341b29d,true,mc textures\HAS ALPHA\bp_remade\no_mip_fixes\ui,false,true,5,remarci_4x,false,0,false,false
004043a9,ba416db6963b8883c31801a6aa462e0a4b662c42,3651deb2b3e4b00331e9d5dd31bdaa9916408529,true,mc textures\OPAQUE\bp_remade\no_mip_fixes\ui,true,true,5,remarci_4x,false,0,false,false
00406fad,a5c96b2e50aa916d7233ea3fa58b6cb1f3c4219c,871b9b8c4e7c825e4f04e4795774482769a98876,true,mc textures\HAS ALPHA\bp_remade\no_mip_fixes\ui,false,true,5,remarci_4x,false,0,false,false
00409eec,70004db3c9e899c9bdfa44bdbfa7c982485f0b1c,7764651219b9bf4c4126c17c73d9c16a9a0fccbd,true,mc textures\HAS ALPHA\bp_remade\no_mip_fixes\ui,false,true,5,remarci_4x,false,0,false,false
0040d89d,c4df479e64ede745b5f9c9e3b7c83f27d34e1e77,eed645e501f751f0fa8a6d91853a0d53fb491d18,true,mc textures\HAS ALPHA\bp_remade\no_mip_fixes\ui,false,true,5,remarci_4x,false,0,false,false
00413d7a,141bc6646595280ff36e99bf9b21050df8bd4519,9a254ad1878035dd4c11f2ee52270f8b228becd8,true,mc textures\HAS ALPHA\bp_remade\no_mip_fixes\ui,false,true,5,remarci_4x,false,0,false,false
0041435e,dc0e8fe181afca5ddbcfef427918cc316a140a11,76ed0d78f9a2ee72fa18ed59be48aea48e241c42,true,mc textures\HAS ALPHA\bp_remade\no_mip_fixes\ui,false,true,5,remarci_4x,false,0,false,false
00414361,ff0e2866fe4e6d153caa8acc68370726c021f9da,819d133739a5abfaa674ee316c8148963225fc56,true,mc textures\HAS ALPHA\bp_remade\no_mip_fixes\ui,false,true,5,remarci_4x,false,0,false,false
00414362,57c3cf9bb51bc9034ceaa090c458ece197b61dff,cd206ba60391b383b707aec43c2b2e92088f91b8,true,mc textures\HAS ALPHA\bp_remade\no_mip_fixes\ui,false,true,5,remarci_4x,false,0,false,false
00414365,bfee70847e7f627dd68f959256b2dd69e04dba53,2a192dbdd6af42c7d96311c37cec091111c7590b,true,mc textures\HAS ALPHA\bp_remade\no_mip_fixes\ui,false,true,5,remarci_4x,false,0,false,false
00414366,9c7c32799038f4ab94f1d7ae3a6ec8a5820567f1,b62442090084018d676f9d832c76819e840106d1,true,mc textures\HAS ALPHA\bp_remade\no_mip_fixes\ui,false,true,5,remarci_4x,false,0,false,false
00414369,6ee9c4d70aa752026b67496c2e9890f75c75de64,c9e7ebbf4f31d9bd4c1e3a385ac44c6cf6bfd93f,true,mc textures\HAS ALPHA\bp_remade\no_mip_fixes\ui,false,true,5,remarci_4x,false,0,false,false
0042367f,f1ef89950c184d2c84d5a59fc703b382de499a5c,b2e32254e4b7f0715c89d412018cfcc72e96bf89,true,mc textures\OPAQUE\bp_remade\no_mip_fixes\ui,true,true,5,remarci_4x,false,0,false,false
0042527a,bb0d81e7446722b8da29212b2a3d82a7b12a5b53,c3eb9b3e034da55dd862a790f28dcada2ebc7a5c,true,mc textures\HAS ALPHA\bp_remade\no_mip_fixes\ui,false,true,5,remarci_4x,false,0,false,false
004327cc,a76f8821edc2650bf6a84218e2c6990130e7d344,44d19832519c2f0931c711eb0c723e490e193f65,true,mc textures\HAS ALPHA\bp_remade\no_mip_fixes\ui,false,true,5,remarci_4x,false,0,false,false
0043e5cf,91b0175c2a9054bf60780d9e0e3d93258320ddc9,8a87e2d2f5f62bbf30a42eb907cab7c0eb724466,true,mc textures\HAS ALPHA\bp_remade\no_mip_fixes\ui,false,true,5,remarci_4x,false,0,false,false
00442539,e568df68ee726f149aa1fc6111732bd46af9baa2,f4ef8fa68c35062a33e9aee06f2fd3d97f6e193e,true,mc textures\OPAQUE\bp_remade\no_mip_fixes\ui,true,true,5,remarci_4x,false,0,false,false
0044867a,199e1bc692de9a18ddf816d438cb036b14e91572,bb040ac88b3d5b7a4505e991ed08a8458b85eecf,true,ps2 textures\HAS ALPHA\same sha1\no_mip_fixes\ui,false,true,5,remarci_4x_extra_smooth,false,0,false,false
0044e6cb,097b58c65872df3a9150556c50284765049c3776,c389f8de74abe6e56aa78664ff538849fe94f1e9,true,mc textures\HAS ALPHA\bp_remade\no_mip_fixes\ui,false,true,5,remarci_4x,false,0,false,false
00455164,4f72be600ed693550f9c95d2d688504cafb239cb,f1e798709679c8e6d993c645b6c2ccd3de0f29a6,true,mc textures\HAS ALPHA\bp_remade\no_mip_fixes\ui,false,true,5,remarci_4x,false,0,false,false
00456bf2,746ebbd23906e3bf2e005e37c1b52b7dcd756b7c,507e22075b7b1156264aba675b55e6732a96ee7f,true,mc textures\HAS ALPHA\bp_remade\no_mip_fixes\ui,false,true,5,remarci_4x,false,0,false,false
00457663,794a998c3a2fc321500d30c13ce108667839fee7,9fc708e88e4180fa5b2743632acac64e19a95b96,true,mc textures\HAS ALPHA\bp_remade\no_mip_fixes\ui,false,true,5,remarci_4x,false,0,false,false
00459c02,1b294ea459ab3308fe16e3de7346cdbcd71427ab,8d4315b0f05af5abafa8314487564133cbb0290d,true,mc textures\HAS ALPHA\bp_remade\no_mip_fixes\ui,false,true,5,remarci_4x,false,0,false,false
0045d890,48a6d04f88f75f816500d37dfe47dd5e34b70cd2,6eabeaa63f3e4644a9a79489e0febeb9f2c57ce5,true,mc textures\HAS ALPHA\bp_remade\no_mip_fixes\ui,false,true,5,remarci_4x,false,0,false,false
0045d91e,b1167fc6fabe24e577d06136be434ab1e6d5a5c1,465c558061f00504040701ae31e126d5521fcbc8,true,ps2 textures\HAS ALPHA\same sha1\no_mip_fixes\ui,false,true,5,remarci_4x_extra_smooth,false,0,false,false
0045e6cb,b893b5bbd803e4920d5d17c4529dcebdb73202c5,d999b59678dcea32c35ec8d6b92d7297ed2e2a64,true,mc textures\HAS ALPHA\bp_remade\no_mip_fixes\ui,false,true,5,remarci_4x,false,0,false,false
00461c15.img,cf6e4469f80e288b73b2ed91dff93b6487ba8009,b2707484dbcd3a5fc3a635f37f1b4d9756219d15,true,mc textures\HAS ALPHA\bp_remade\no_mip_fixes\ui,false,true,5,remarci_4x,false,0,false,false
004733d7.img,d6e4623366b8e78d7b7911c6e84eeb5aeabfb1e2,0bd2e21aa38ebbd3ee482e3c7d9738b1fcb02a3a,true,mc textures\HAS ALPHA\bp_remade\no_mip_fixes\ui,false,true,5,remarci_4x,false,0,false,false
00475e90,a9e439bfeae201962e82650643aeaaebf3ca47bf,be6d964767df3375a52a323e3c5c5621c08dae28,true,mc textures\HAS ALPHA\bp_remade\no_mip_fixes\ui,false,true,5,remarci_4x,false,0,false,false
0047de97.img,92428ef670635a5863300705c6c94460ccc76c1f,27624979957023ee0f1420e59d3bfe3250ccf6a4,true,mc textures\HAS ALPHA\bp_remade\no_mip_fixes\ui,false,true,5,remarci_4x,false,0,false,false
0048c0c3,9339da638da9fad6e3031e0ef2920c667a1b68c8,fd676870455d84bae12a99c9ed5abd8906ec9748,true,mc textures\OPAQUE\bp_remade\no_mip_fixes\ui,true,true,5,remarci_4x,false,0,false,false
0048c0f8,7267c684abd9ce96674aa25da49903d14f41c4b7,2583881eaea9d9fbb13712e2e5f6e4ad9deaa421,true,mc textures\OPAQUE\bp_remade\no_mip_fixes\ui,true,true,5,remarci_4x,false,0,false,false
0049437a,15aeeadbe798d4ec8bc940b43e62d9a75716775a,2819270185c8b727a9ac47295bf8e0a5ce62500e,true,mc textures\OPAQUE\bp_remade\no_mip_fixes\ui,true,true,5,remarci_4x,false,0,false,false
00496387,9ebbce00a8946cc6e7a7b9fab5672d9bfb1761c1,89a13ca3576e989dde95454f7b4a994d2bab7d18,true,ps2 textures\HAS ALPHA\no_mip_fixes\ui,false,true,5,remarci_4x,false,0,false,false
00496b29,4e8575af675f7608e24e793587fa9bb7907a0f43,431d1c119f0fabc40b128ae8bbcd2e1d703f4bfa,true,ps2 textures\HAS ALPHA\same sha1\no_mip_fixes\ui,false,true,5,remarci_4x_extra_smooth,false,0,false,false
00499957,e14f9be98b543aa4c0b1639991da9081769b9424,b9809ddf176d10655af5fa570db67ef97dc6655f,true,ps2 textures\OPAQUE\same sha1\no_mip_fixes\ui,true,true,5,remarci_4x,false,0,false,false
0049b9cb,762f6de893cd3c0df19115eec282afbbcf750d67,99051994481d5214614bde22859d9fba2327c416,true,mc textures\HAS ALPHA\bp_remade\no_mip_fixes\ui,false,true,5,remarci_4x,false,0,false,false
004a230b,904181d6888209ea7c5c9776f4e0e2cac58183d6,fac6f2e03c220b9b1683566f940450974711c0c7,true,mc textures\HAS ALPHA\bp_remade\no_mip_fixes\ui,false,true,5,remarci_4x,false,0,false,false
004a86e8,87f2e267fb8587dd161166d3fa33e80945290aa1,242c68122bd197ef3745faa1378ae25dcd0b91f3,true,mc textures\HAS ALPHA\bp_remade\no_mip_fixes\ui,false,true,5,remarci_4x,false,0,false,false
004aaff4,ff868e3aa2100fb78473ccbd8d537ab60dbac32f,0aa9db84705fda9a50617d19aacadff99a7ccc0a,true,mc textures\HAS ALPHA\bp_remade\no_mip_fixes\ui,false,true,5,remarci_4x,false,0,false,false
004ab5f7,f86abbf2b7daf39d2d6bbf82cb0cc82214cb92e1,0f9cbf1ee1f3d18870cb8773c126bc5736a1a6dd,true,mc textures\HAS ALPHA\bp_remade\no_mip_fixes\ui,false,true,5,remarci_4x,false,0,false,false
004b43bd,3aa9001640131ed02348c07648129aa85e1bb036,121e17998b50fcf2faabbbb078167d1e946bf45d,true,mc textures\OPAQUE\bp_remade\no_mip_fixes\ui,true,true,5,remarci_4x,false,0,false,false
004ba845,046320c3072ddc6390fa5ac50dcc9977d35ce7bd,9d2c362b9002af5a2b3bc5e19609a31827971743,true,mc textures\HAS ALPHA\bp_remade\no_mip_fixes\ui,false,true,5,remarci_4x,false,0,false,false
004baff4,b5187c1df7b9baa867e5f8f2b716103bc9c042ce,89b0402bc3e2ff816563b4db03ecce4ed99e72d8,true,mc textures\HAS ALPHA\bp_remade\no_mip_fixes\ui,false,true,5,remarci_4x,false,0,false,false
004c3656,c1e8b81a8f2c3ad5f6a52afb8a4817cf5662b487,99b14aae99d7ef1eca700507d2a3811d4d0bf0c9,true,mc textures\OPAQUE\bp_remade\no_mip_fixes\ui,true,true,5,remarci_4x,false,0,false,false
004c43af,36278693ea7fcb8750b4c668e1fd5486dab1cde7,209375043684587e7f5dcb4a15d4289c9339d903,true,mc textures\OPAQUE\bp_remade\no_mip_fixes\ui,true,true,5,remarci_4x,false,0,false,false
004c7484,b7b6eaee67f209ddfd0016bb2a2438b57aaa9984,1eb3af309beffcf278f30eddd663fca69a2d0fea,true,mc textures\OPAQUE\bp_remade\no_mip_fixes\ui,true,true,5,remarci_4x,false,0,false,false
004ca501,583913eda0444097fba8b672c986f27e06fc7706,49fa8c8c71baffbd9c5593d6b7228915b53b70aa,true,ps2 textures\HAS ALPHA\manual\bp_remade\no_mip_fixes\ui,false,true,5,remarci_4x,false,0,false,false
004cec39.img,ca005438bbe992f76d88ed8debef2879aab217e0,db7f9ef6af038379fc19bf9de18e56304d3fabc3,true,mc textures\HAS ALPHA\bp_remade\no_mip_fixes\ui,false,true,5,remarci_4x,false,0,false,false
004d66f6,9943757393fa9d90160d6ecfaaf7327a69018125,191cc3a8df40b3a7c7bc4d4bf2ab4c6d00d422ea,true,mc textures\OPAQUE\bp_remade\no_mip_fixes\ui,true,true,5,remarci_4x,false,0,false,false
004d9628,919ae75eb094b67d188a86481e77d9cb6fda433e,abfe5653d295f1e4f3a807220bda9a8eacd34e99,true,mc textures\OPAQUE\bp_remade\no_mip_fixes\ui,true,true,5,remarci_4x,false,0,false,false
004d9c02,f0d6bfa5cc867180a640a723fc0ef27c155f4abc,5a41694e4f9da006e7d165bb97c99de25e1e802e,true,mc textures\HAS ALPHA\bp_remade\no_mip_fixes\ui,false,true,5,remarci_4x,false,0,false,false
004e0fb2,df1f628c2900c6e15b01afd684e4417782c87514,3e1f88aa314dfe96c1e87bee101eb8ec9318dafb,true,mc textures\OPAQUE\bp_remade\no_mip_fixes\ui,true,true,5,remarci_4x,false,0,false,false
004e591a,f105d8a1b7092663bb42877cbc0bc2310ea57505,25e242564e9983adc2149652d1a78622431b3d8d,true,mc textures\HAS ALPHA\bp_remade\no_mip_fixes\ui,false,true,5,remarci_4x,false,0,false,false
004ecb45.img,ab456958e0e8863ac8104009d175a59b38d2c7fb,523c4b1f624f1b6cec34676099fe9606549bb5ac,true,mc textures\HAS ALPHA\bp_remade\no_mip_fixes\ui,false,true,5,remarci_4x,false,0,false,false
004eeb8d,35c65a3195129efde23098055bf77da430f307a6,0c4de2b468d5d23ba5198ea9fa90bf60806a01c0,true,mc textures\OPAQUE\bp_remade\no_mip_fixes\ui,true,true,5,remarci_4x,false,0,false,false
004f0fb2,a2708648ed54d73e72a820899c938b1741909033,c6ab6f4b550ca3d78b5be1ca8a95833361d1090b,true,ps2 textures\OPAQUE\manual\bp_remade\no_mip_fixes\ui,true,true,5,remarci_4x,false,0,false,false
004f11be,1458e478ea91ff0ed9031fecc14957726053e475,38f482c660628787aaf29f8f5cc2d1f4b95f1ecb,true,mc textures\HAS ALPHA\bp_remade\no_mip_fixes\ui,false,true,5,remarci_4x,false,0,false,false
004faaab.img,34996653adbf98d4cacaedda0e4c84bc107d0903,2a70097ae54efa46a87c78a6d8e9d8149ad7c04a,true,mc textures\HAS ALPHA\bp_remade\no_mip_fixes\ui,false,true,5,remarci_4x,false,0,false,false
00500fb2,a8399a8326dbafed4afe547f97e596ebcc6a87c5,a4432908bc49d5240944cefb9ccfa78eb3622253,true,mc textures\OPAQUE\bp_remade\no_mip_fixes\ui,true,true,5,remarci_4x,false,0,false,false
005079aa,fc1714af85afc51387983e317161414ddae863f6,d0cea9bde304b2bd413dc72dacc1b9c8b23be06a,true,mc textures\HAS ALPHA\bp_remade\no_mip_fixes\ui,false,true,5,remarci_4x,false,0,false,false
00508876,e3ff8f8b8aeb15345ecfcb4038a7766afc658a18,b3f4519cd1f2335fefc6b1ffd377327737c49372,true,mc textures\HAS ALPHA\bp_remade\no_mip_fixes\ui,false,true,5,remarci_4x,false,0,false,false
0051079c,00cb94039d8c6918b0ddb0bbf9ad70ede5109516,0ed2cc066e75924d6a7b918992eb2f9d83244eb7,true,mc textures\HAS ALPHA\bp_remade\no_mip_fixes\ui,false,true,5,remarci_4x,false,0,false,false
00511551,feaca008cf072508185529d12ede1086923ab4f1,5f39e61d90d851867b1effd255a026bee54aa9cc,true,mc textures\OPAQUE\bp_remade\no_mip_fixes\ui,true,true,5,remarci_4x,false,0,false,false
00512935,1c2207ab2ac210037d708f366050ad102dac4f4c,0d7ac545ed1ca0fbad18327ed5062a9d3852d180,true,mc textures\HAS ALPHA\bp_remade\no_mip_fixes\ui,false,true,5,remarci_4x,false,0,false,false
00513ee9,7bb6ea4b2e49bf05b88e5d59fd65c1bf7ea276a2,34236430cb21abae7ca8fc0423a0e65cd8013d3a,true,mc textures\HAS ALPHA\bp_remade\no_mip_fixes\ui,false,true,5,remarci_4x,false,0,false,false
0051e8d2,f677ccc9ab99100986626e44224f2495499dd6ac,15ec8ada36303cb3eb246df2d7e588855ff78bff,true,ps2 textures\OPAQUE\no_mip_fixes\ui,true,true,5,remarci_4x,false,0,false,false
0051ebb8,702a7ec3b879b2b63fa3e0ff370cad0ba8068819,d1ed7a8cffd19c2b792a80deac87cc0c96ed865c,true,mc textures\OPAQUE\bp_remade\no_mip_fixes\ui,true,true,5,remarci_4x,false,0,false,false
0051fd77,f255df93050472b6ff3ff837ab6afcc984e6ea46,dff4064f44e47b2985010bcbc6f0f73c22df65ac,true,mc textures\OPAQUE\bp_remade\no_mip_fixes\ui,true,true,5,remarci_4x,false,0,false,false
005204ba,49007edce38803e1f726c5c2a5aca00c9416d493,4516f9e4aca2a077063bb1fd7859e41c03a48dea,true,mc textures\HAS ALPHA\bp_remade\no_mip_fixes\ui,false,true,5,remarci_4x,false,0,false,false
005206bf,f3dc6c9c2fb244177254a70122c86aabc45c5432,4784ae2217dc5371c5477d510cb9dec42f624785,true,mc textures\HAS ALPHA\bp_remade\no_mip_fixes\ui,false,true,5,remarci_4x,false,0,false,false
00523ae9,6c0b82da70702fd05ea8a6434d31851d5bfbc865,e088a2696ea706b486e3532b66668f7c46b2bc20,true,mc textures\HAS ALPHA\bp_remade\no_mip_fixes\ui,false,true,5,remarci_4x,false,0,false,false
005342b9,45c5585d8adccb5a5c3486077fc741a4ecfa435d,07ea33eace1436ac3e85bf5b839757959d9cd845,true,mc textures\HAS ALPHA\bp_remade\no_mip_fixes\ui,false,true,5,remarci_4x,false,0,false,false
00535c20,dd71bb5dd0792a07466b82447e284e5d79b6052d,c8970c9445945447a0dd5799533c6e0575b4e2f1,true,mc textures\HAS ALPHA\bp_remade\no_mip_fixes\ui,false,true,5,remarci_4x,false,0,false,false
00539bcb,3ce0af4458573c4180f3f8c1a665af9ed430b8ce,e3943b060744bca4d43af158a7923d8eb93ec0db,true,mc textures\HAS ALPHA\bp_remade\no_mip_fixes\ui,false,true,5,remarci_4x,false,0,false,false
00539c02,513b32de271e70b341252686a92a0b1fc171ac83,d6913e832248f7580f37670c42263c5b1500d780,true,mc textures\HAS ALPHA\bp_remade\no_mip_fixes\ui,false,true,5,remarci_4x,false,0,false,false
0053a47f,b91794653790279d333b0615c1642fa56507cd04,120ba0669b2d0472bce059b1353a452e5b86d0a4,true,mc textures\HAS ALPHA\bp_remade\no_mip_fixes\ui,false,true,5,remarci_4x,false,0,false,false
0053bd2c,07f37c70c4b1ad039a833e221ab26d504de23bd9,174ad29baf1cb60380061b33fdf9484397946012,true,ps2 textures\HAS ALPHA\same sha1\no_mip_fixes\ui,false,true,5,remarci_4x_extra_smooth,false,0,false,false
0053c115,9dab906fb787d5b88a394f032413a08cdcf06311,a2d71f788c357a314d1854e6d83a39ff30c6f2ca,true,mc textures\HAS ALPHA\bp_remade\no_mip_fixes\ui,false,true,5,remarci_4x,false,0,false,false
0053c115_9f95f70cef32ef75b86013222bba08e9,6c6bb0c816c133c0c5adae8f3369740607e44bbf,b14a75511b6069b43a9f83a07002a7aaeeae3500,true,mc textures\HAS ALPHA\bp_remade\no_mip_fixes\ui,false,true,5,remarci_4x,false,0,false,false
0053d847,833a6815222a0f3244301d07de5d919a10c1749c,6100448c45f8b06620b64f46392ae0b3d1777283,true,mc textures\HAS ALPHA\bp_remade\no_mip_fixes\ui,false,true,5,remarci_4x,false,0,false,false
0054a42f,60e7ec2962a62d009040ac12cc5a4927cd4b3084,f7f4f7234a433cb319bf7ba94712ad9378802451,true,mc textures\HAS ALPHA\bp_remade\no_mip_fixes\ui,false,true,5,remarci_4x,false,0,false,false
0054adda,49c8d9c85b15043284c82be689ae749eae036f9f,33f11a8af2af863243caabe2b2ebd13047f50ba7,true,mc textures\HAS ALPHA\bp_remade\no_mip_fixes\ui,false,true,5,remarci_4x,false,0,false,false
00554e27,aa5f896d881abb242c0baef3c746265ea62624b9,34356e7b8fdfa8afe6e381b705d6dfa860194efc,true,mc textures\HAS ALPHA\bp_remade\no_mip_fixes\ui,false,true,5,remarci_4x,false,0,false,false
00554e2f,fe3748152eae1d9ec3333a3f31f533d5e8bfcc83,b224ad1834e408476ee00a45df6ab10a33496178,true,mc textures\HAS ALPHA\bp_remade\no_mip_fixes\ui,false,true,5,remarci_4x,false,0,false,false
00569c02,8fd0851b322e2de47466375d2f3c0bed8972acf3,27ac2ae6e8d74e83185d99ebdeb6d9e983db5a2f,true,mc textures\HAS ALPHA\bp_remade\no_mip_fixes\ui,false,true,5,remarci_4x,false,0,false,false
00576dc0,7d89f13e4ae317ec23d75b50b8ef1b1ba71f687b,266a06284c20ed5fd23707d3319c92f327646118,true,mc textures\HAS ALPHA\bp_remade\no_mip_fixes\ui,false,true,5,remarci_4x,false,0,false,false
00583c39.img,99421bc32155cbdec07c3937dfc228def6d8d3fd,e6804ac564e2281230582ebf27451e6f8625cc4f,true,mc textures\HAS ALPHA\bp_remade\no_mip_fixes\ui,false,true,5,remarci_4x,false,0,false,false
00585db8,5a2ff8e677f7884be6022f09571957a1e68e5df2,03e893f3261a0061eca9027c6e2cb1f7ec279e8d,true,mc textures\OPAQUE\bp_remade\no_mip_fixes\ui,true,true,5,remarci_4x,false,0,false,false
00588888,ae2fa0a29c1f0b5aa32a548d7f9ab85e1f8f5d56,3fdcbdb72c6cb25da238016b568ebc022267bc19,true,mc textures\HAS ALPHA\bp_remade\no_mip_fixes\ui,false,true,5,remarci_4x,false,0,false,false
0059277f,9df92323f6742d0a8bef15744004b1875978ef82,36e1f4e749cca1fd4a72e16bf88fcb41fd816834,true,mc textures\HAS ALPHA\bp_remade\no_mip_fixes\ui,false,true,5,remarci_4x,false,0,false,false
00593209,bb474e3be00a738178020bddaffdba5e49917a38,bd6d197521eb0d933e5b57071805c1cba9062486,true,ps2 textures\HAS ALPHA\same sha1\no_mip_fixes\ui,false,true,5,remarci_4x,false,0,false,false
00593bc6,115f267699e641c36d8d29f4f6b17881045fd4e0,49dc17789bb6ddbc3eac66992fb6f711734993c5,true,mc textures\HAS ALPHA\bp_remade\no_mip_fixes\ui,false,true,5,remarci_4x,false,0,false,false
005a7d91,005eeb65610f7d2f1a55d5d584ac8d71b1767317,d54abae26c1f8f5572954d38187ba4e056c19e23,true,mc textures\HAS ALPHA\bp_remade\no_mip_fixes\ui,false,true,5,remarci_4x,false,0,false,false
005b966f,1ddb4e67921b4c92c8388b68bda65160af3be476,bf6b061234c71b01b1abfc91c4ff9883411a7c17,true,mc textures\OPAQUE\bp_remade\no_mip_fixes\ui,true,true,5,remarci_4x,false,0,false,false
005c43b3,35de419a29786f9410b2d1d752da9eb8de1d5761,af7879c2d26d3eddc7704c6890d12a0be99fa89a,true,mc textures\OPAQUE\bp_remade\no_mip_fixes\ui,true,true,5,remarci_4x,false,0,false,false
005ceaf7,430b3b25a6d3f8a14f0441313749115eef71f4dd,6c0947c937ac51613dc37966ea8bd41df548669c,true,mc textures\OPAQUE\bp_remade\no_mip_fixes\ui,true,true,5,remarci_4x,false,0,false,false
005d7993.img,cecf6a6696fbc7e2a1ec308dd7b3b27020afb2b4,52c817e6136c8d879b1390490b649ee879c9a194,true,mc textures\HAS ALPHA\bp_remade\no_mip_fixes\ui,false,true,5,remarci_4x,false,0,false,false
005d965e,5ad861aee038b743174914a2f41752d09531ea44,f856cbce8bd72af37833d2ecae9062f2ca7a7b93,true,mc textures\OPAQUE\bp_remade\no_mip_fixes\ui,true,true,5,remarci_4x,false,0,false,false
005df444,68c7031d260ffed7116fedf3260bd35dafe2869b,0c2b91272ff8665b8070606648e2101010251e9d,true,mc textures\HAS ALPHA\bp_remade\no_mip_fixes\ui,false,true,5,remarci_4x,false,0,false,false
005e094b,64e12804779214ae8b30e1a1a4abc5098f7a0327,31c7e521418718ec01ab0989598dbabcf7fe52a0,true,ps2 textures\HAS ALPHA\same sha1\no_mip_fixes\ui,false,true,5,remarci_4x_extra_smooth,false,0,false,false
005eb9cb,3dfd645e321601d3beaf4f899a15a3a984114b10,cfef0da0d9f215c7151aa6d292944e837f4adf5b,true,mc textures\HAS ALPHA\bp_remade\no_mip_fixes\ui,false,true,5,remarci_4x,false,0,false,false
005ed1e5.img,9b5357b82bc517eaa2294997132ddba5b1b5bb1b,a574e7edd742ce89cbdc6e629fb2b7f1a3357155,true,mc textures\HAS ALPHA\bp_remade\no_mip_fixes\ui,false,true,5,remarci_4x,false,0,false,false
005ee3c5.img,d59360d8bf9cb54da4e617b0955cf27ecc8092ed,53c398cb5d112468a7676f16bc398232ec7e775b,true,mc textures\HAS ALPHA\bp_remade\no_mip_fixes\ui,false,true,5,remarci_4x,false,0,false,false
005f366f,14242a6e48037baa486fb5aca61e35ab4c100809,c4bf7c47bfb6839230d088af27d95b946d464af8,true,mc textures\OPAQUE\bp_remade\no_mip_fixes\ui,true,true,5,remarci_4x,false,0,false,false
005f73b4.img,98557ddf77963744bd41dd0c1daa42b78191dbba,56e6d03ccb4014e877c17e0865911f5f29154086,true,mc textures\HAS ALPHA\bp_remade\no_mip_fixes\ui,false,true,5,remarci_4x,false,0,false,false
005fcebb,9c2f274ad4ef51d0417cea1f852d1e75d7844e0e,69d2634d75f505c287b0435645cd9627b6eaf85d,true,mc textures\HAS ALPHA\bp_remade\no_mip_fixes\ui,false,true,5,remarci_4x,false,0,false,false
005fe3c5.img,56aca2c4130c83941f84fa6214dad22c4c81d9aa,3c9da9e815adc84e3093bba0c19c997c7a45167b,true,mc textures\HAS ALPHA\bp_remade\no_mip_fixes\ui,false,true,5,remarci_4x,false,0,false,false
0060327e,f1e96f08381d4e08f3461a77f4aa282dc7058e5c,88d22b10140fa68a86ea9f5bb66630a6b97e579b,true,mc textures\HAS ALPHA\bp_remade\no_mip_fixes\ui,false,true,5,remarci_4x,false,0,false,false
006092c2,6e147c3c26451517b101c9998b718a54169322bd,903ba12d9095e4001965e4ec180b4c6f0970a84e,true,mc textures\HAS ALPHA\bp_remade\no_mip_fixes\ui,false,true,5,remarci_4x,false,0,false,false
0060a8e0,b482884a20f932b16f57b6827c2d07c6123794c4,abd7ecfdf3249338024d9edfe078955b316e082b,true,mc textures\HAS ALPHA\bp_remade\no_mip_fixes\ui,false,true,5,remarci_4x,false,0,false,false
0060bac8,6791c2f8fa0e32661d39058405c40706487b5adc,82be21fbdc2e5ce1ef719f3a34186f59c96b5682,true,ps2 textures\HAS ALPHA\no_mip_fixes\ui,false,true,5,remarci_4x,false,0,false,false
0060def0.img,2215b2f4c9e71042ef0f73e769ed0f39ba6a5a9b,a25ca99556c2a609b36a9f85b58b747576d25c79,true,mc textures\HAS ALPHA\bp_remade\no_mip_fixes\ui,false,true,5,remarci_4x,false,0,false,false
0060e3c5.img,2d97fdc61e3592d9f28361131acc9b5526a52dbf,24cbdebdfdd0ff1bfb0e4572bd8719908ecb5279,true,mc textures\HAS ALPHA\bp_remade\no_mip_fixes\ui,false,true,5,remarci_4x,false,0,false,false
0061435d,4f067de59a7813e4e1966fd77f98cd33946db250,a336b753fa46d33132903e174d709564817ccdd3,true,mc textures\HAS ALPHA\bp_remade\no_mip_fixes\ui,false,true,5,remarci_4x,false,0,false,false
0061435e,7fa3a7a467491bc570c15242bcf0c66b5b742550,f2abc63453dd18cdb652d8581d38c28feb14228d,true,mc textures\HAS ALPHA\bp_remade\no_mip_fixes\ui,false,true,5,remarci_4x,false,0,false,false
00614361,36f17836bf0f6dbef8d58c63964638a807780b31,42cdb3e88800e15c5eea001b15bc267f2d494274,true,mc textures\HAS ALPHA\bp_remade\no_mip_fixes\ui,false,true,5,remarci_4x,false,0,false,false
00614362,6b3c78759eb61832064c529305f372ecefd0f31a,1cd09a05914646f2725f7b66ac3d043681d3f756,true,mc textures\HAS ALPHA\bp_remade\no_mip_fixes\ui,false,true,5,remarci_4x,false,0,false,false
00614365,20d85fe87edd367fbf2716bbc94829f17b2c83e1,dc935dff446c6289bff24e4d230ac19cc15ac0bd,true,mc textures\HAS ALPHA\bp_remade\no_mip_fixes\ui,false,true,5,remarci_4x,false,0,false,false
00614366,0e211bae63b9f8660e10420fef6e3c8d38fd4001,e1208f0bc0ccc9bbed22261a2ec9e122f254a11f,true,mc textures\HAS ALPHA\bp_remade\no_mip_fixes\ui,false,true,5,remarci_4x,false,0,false,false
00614369,84db636abe03794fc0277ed985acdd36e888c898,7e168a084e24abd9df5f40d5143d697aad09c7e8,true,mc textures\HAS ALPHA\bp_remade\no_mip_fixes\ui,false,true,5,remarci_4x,false,0,false,false
00619b5e,b425138dd6fc37f208f78a477244b9da2e7a7cdf,00183fdac29db89f4dde565caa4691a292c01bf5,true,mc textures\HAS ALPHA\bp_remade\no_mip_fixes\ui,false,true,5,remarci_4x,false,0,false,false
0061b17c,5bdc39570836a99be12857b06a5a075e3c186aa2,ab4aaa1ae5d70676f3bd6a492c0fb848b0c0e4ee,true,mc textures\HAS ALPHA\bp_remade\no_mip_fixes\ui,false,true,5,remarci_4x,false,0,false,false
0062ded9.img,258810150d8b6b587293efdac3d9ac2d501d4242,683c878b3284f911ad5fc541c644513cdfaaec77,true,mc textures\HAS ALPHA\bp_remade\no_mip_fixes\ui,false,true,5,remarci_4x,false,0,false,false
0063051d,2a11081d93580ad2ef80c72f4d8f5fc006e8debd,770c66621d5d3a4c88316f8c1d1fcf90f60ea9a9,true,mc textures\HAS ALPHA\bp_remade\no_mip_fixes\ui,false,true,5,remarci_4x,false,0,false,false
006377aa.img,5aa740a666a338433a5945c8a97ea4173caa957c,3aba1daba0321f3b3e79c6a7aa3796b64aef58bb,true,mc textures\HAS ALPHA\bp_remade\no_mip_fixes\ui,false,true,5,remarci_4x,false,0,false,false
006385b8,6b706181de091da81f9355d451bda93c007555b6,51272685a29c847730823194472f4934ae9771de,true,mc textures\HAS ALPHA\bp_remade\no_mip_fixes\ui,false,true,5,remarci_4x,false,0,false,false
0063ed20,1311d26c083cb7c2f01c3866cbcfe8a25673e6f5,41da4c6d9b9815a7213f461b8f8f5c7fff65d13d,true,mc textures\HAS ALPHA\bp_remade\no_mip_fixes\ui,false,true,5,remarci_4x,false,0,false,false
00646cce,3975954f106b39a45ddbd29c7c680489306dae8c,b845c43e1404c36fb393ba5ab46669030c9a5deb,true,mc textures\HAS ALPHA\bp_remade\no_mip_fixes\ui,false,true,5,remarci_4x,false,0,false,false
0064867c,d6570ce8e30e8a85a6a6797e3c62998bf2ccb9d9,b6a8564644a104d9dad940a5f5a595b3014fcb3d,true,mc textures\HAS ALPHA\bp_remade\no_mip_fixes\ui,false,true,5,remarci_4x,false,0,false,false
0064867c_e9984c62c496c194988723f7822d1546,708bcff80cb84d0f4a7b4afecb626bacd0f09a0c,fa31ba363de93f8237613dc832251c8d61492072,true,mc textures\HAS ALPHA\bp_remade\no_mip_fixes\ui,false,true,5,remarci_4x,false,0,false,false
00648c1f,4acc0784b9fce5dc9c6948e0faec0344d0885e8a,bcd7fb78477ab04e6c92dc80a88c9fc66695622c,true,ps2 textures\HAS ALPHA\same sha1\no_mip_fixes\ui,false,true,5,remarci_4x_extra_smooth,false,0,false,false
00652f51,2819c5eb17ab0a4d0875b71941e5fee0183fdb31,8c291cc1522b524936b12a6872843eba49a62730,true,mc textures\HAS ALPHA\bp_remade\no_mip_fixes\ui,false,true,5,remarci_4x,false,0,false,false
00658309,95d0cfafdbf18385776be480acedf100fd1034ee,f1eb192b28ee16b4481add73d6d65d05f42c8197,true,ps2 textures\HAS ALPHA\same sha1\no_mip_fixes\ui,false,true,5,remarci_4x_extra_smooth,false,0,false,false
00659f16,82c5ed770305d4f6f34acd7e21e267006070dc45,f55bd964592e0fa91cced249da99615bc9746b5d,true,mc textures\HAS ALPHA\bp_remade\no_mip_fixes\ui,false,true,5,remarci_4x,false,0,false,false
0065fadb.img,af26c8062ae1b959f56bf2535031dd8eb9f044c2,682e82657b56e566cb6ec385e687efcac5f2288f,true,mc textures\HAS ALPHA\bp_remade\no_mip_fixes\ui,false,true,5,remarci_4x,false,0,false,false
00660dfc,7af2bcabfbb8fdebc1e87be9cce5c28305fa95cf,bc4ff3cbb7757eb96e5ea535ab2bfeabfa568539,true,ps2 textures\HAS ALPHA\no_mip_fixes\ui,false,true,5,remarci_4x,false,0,false,false
00669f16,d2be1ceb79bfeb6d1a2a067322a7e5ef43dd75c5,b0b5bf0dab1a12000613dc99b6aa17993ebba685,true,mc textures\HAS ALPHA\bp_remade\no_mip_fixes\ui,false,true,5,remarci_4x,false,0,false,false
0066c2b0,986f4fc75b69cba599b5b23b5100e1a1ceca547a,43a911cce435053e8aff007b8eb6cbefabbf371f,true,mc textures\HAS ALPHA\bp_remade\no_mip_fixes\ui,false,true,5,remarci_4x,false,0,false,false
0066dafa,7743a8ef4f34a2543a566cdec653e0a067c96b33,e78f552d5aa8fa6f8dd4a3f33d1933e5e1eb9dda,true,mc textures\HAS ALPHA\bp_remade\no_mip_fixes\ui,false,true,5,remarci_4x,false,0,false,false
00679f16,bb5294af54dad2e8859003df3dde322790ae9d23,b8527a5efc746f1307b2777ca23ee6086ed1a15e,true,mc textures\HAS ALPHA\bp_remade\no_mip_fixes\ui,false,true,5,remarci_4x,false,0,false,false
006801cd,bf3dc2e8ff40c7fc25f06f94b089104ad3aaefd1,0cdb11ff3756acda0fcbaccccb12376cb7e62a0d,true,mc textures\HAS ALPHA\bp_remade\no_mip_fixes\ui,false,true,5,remarci_4x,false,0,false,false
00680273,1b79f3f11fd680ef617eec2c0ce420ce276ee7ad,b55f843c6bddfe79a6c67d173458610f412ece3d,true,mc textures\HAS ALPHA\bp_remade\no_mip_fixes\ui,false,true,5,remarci_4x,false,0,false,false
00683f5f,33286fdd7e1475d4a3036baa65231dcc613fc1a8,e55d6eb5bf53b06def78bdf0e7d2dfaa6c855073,true,mc textures\HAS ALPHA\bp_remade\no_mip_fixes\ui,false,true,5,remarci_4x,false,0,false,false
006853a6,e72b822dd66d07f583ce900d7ebb55ad68f886f9,cbf5910f99c505c6c0cf80ca5ccf2d36fb3913dc,true,mc textures\HAS ALPHA\bp_remade\no_mip_fixes\ui,false,true,5,remarci_4x,false,0,false,false
00686c51,4a6c2cf443bfe351bef5fe1bcee38d3aef113d9e,d0b11711297686420bf33f0bbfe8c389abf7d058,true,mc textures\HAS ALPHA\bp_remade\no_mip_fixes\ui,false,true,5,remarci_4x,false,0,false,false
0068803c,fc14fa779ee2263ff26aa878d48dec5e851ac10e,5f35f4db2679e0d894d1613d07844c004247276c,true,mc textures\HAS ALPHA\bp_remade\no_mip_fixes\ui,false,true,5,remarci_4x,false,0,false,false
00689115,1698f1cdeb8e61ce9750b9574bcb9a2153aad22f,d6047c6abf5e74cab1e01feeccb362c356e63550,true,ps2 textures\HAS ALPHA\no_mip_fixes\ui,false,true,5,remarci_4x,false,0,false,false
00689f16,eec3078108e70d7471b9bbbbd699eed35fadac09,bedd64ed4c41ca81fc366c1c387cce5d3b56b7ea,true,mc textures\HAS ALPHA\bp_remade\no_mip_fixes\ui,false,true,5,remarci_4x,false,0,false,false
0068f463,583c2f1c6cfc2a807eee68a69d5269cd45f4bb43,f97bae5b2b30f78b7f806d7cd77983a9e934067a,true,mc textures\HAS ALPHA\bp_remade\no_mip_fixes\ui,false,true,5,remarci_4x,false,0,false,false
0069966f,bd091a4eff3cb7b60d105ffe5763f9822b238e20,dba608c3f1a579a3e6ac7285b6f0e58f32a8dcbb,true,mc textures\OPAQUE\bp_remade\no_mip_fixes\ui,true,true,5,remarci_4x,false,0,false,false
0069969b,0ddb5efe2f762b4e77533ddcba1a623aaf6d87b4,88b269aa5c56a414843dd88e2ddae90683a46210,true,mc textures\HAS ALPHA\bp_remade\no_mip_fixes\ui,false,true,5,remarci_4x,false,0,false,false
00699f16,d339f3b5c6e6043a8ba91db049834b09b8b462b6,42f880ff0df86a99e859f5509c9b631c48849710,true,mc textures\HAS ALPHA\bp_remade\no_mip_fixes\ui,false,true,5,remarci_4x,false,0,false,false
0069adda,00930e11b0d2c7589968acefddf432af83337cc0,d3e3390c635dcabde23c77f745837e7826bb8567,true,mc textures\HAS ALPHA\bp_remade\no_mip_fixes\ui,false,true,5,remarci_4x,false,0,false,false
006a366f,e008b0be0bd487efb44a5ab95b7e5dcb18fe26e7,61e831f08bdef81370e4cd053d5d083ab3e8b3ad,true,mc textures\OPAQUE\bp_remade\no_mip_fixes\ui,true,true,5,remarci_4x,false,0,false,false
006a9f16,99c6b5e0e5039077a77f9c233ec3bf19c87ac055,712eb9f52bccb15d891a060753ca176b486a87b1,true,mc textures\HAS ALPHA\bp_remade\no_mip_fixes\ui,false,true,5,remarci_4x,false,0,false,false
006aaff3,40b02303b20742e022477bdb9bfead74f4aa16c5,5436d01b732a92305b50245eb7638bacd42a4cb3,true,mc textures\HAS ALPHA\bp_remade\no_mip_fixes\ui,false,true,5,remarci_4x,false,0,false,false
006aaff4,e69f933830de9b80a6e3db3e5006f833769d9ca6,70c2501938ce9a126eb33e1f499d199d3aca684c,true,mc textures\HAS ALPHA\bp_remade\no_mip_fixes\ui,false,true,5,remarci_4x,false,0,false,false
006ac0e0,065d3b6930c6d7d5bef82f53f15a49076aea5c51,110eb2ae8c47d974c3d762610e4f1f47e187c763,true,mc textures\OPAQUE\bp_remade\no_mip_fixes\ui,true,true,5,remarci_4x,false,0,false,false
006ac347,bafa6e53e981bd52ba5720d61720a6136e8968b1,9dc84bf9d7f3b6a7846bb5fbdc7fb75e4ab50b3e,true,ps2 textures\HAS ALPHA\same sha1\no_mip_fixes\ui,false,true,5,remarci_4x,false,0,false,false
006b1eae,a1adde902b0ea88c189d779693f37af929609e34,0ff0a3067c45fc957586e12a6aa25a26d8ad2dc5,true,mc textures\HAS ALPHA\bp_remade\no_mip_fixes\ui,false,true,5,remarci_4x,false,0,false,false
006b9b8c,354b87d64d46cbfa5df5708064073c1f09a5ace2,b51af83a41af31b3a0d4b2350ae861fe2c1008c8,true,mc textures\OPAQUE\bp_remade\no_mip_fixes\ui,true,true,5,remarci_4x,false,0,false,false
006b9f16,192163c31bc58d31df5b3a478427d8d3549be52e,ff28045a3009cd8546e489233327c306fb9569b1,true,mc textures\HAS ALPHA\bp_remade\no_mip_fixes\ui,false,true,5,remarci_4x,false,0,false,false
006baff3,ab4dd92699423b5cee4dfda454fc4dde506ce9e4,ea5c17655d22b25954c99fa3640f32184c39a8c0,true,mc textures\HAS ALPHA\bp_remade\no_mip_fixes\ui,false,true,5,remarci_4x,false,0,false,false
006baff4,5e0c5d2142c44429b445a6951e0bd9d34a52027b,949e9c94e3159039765e6a9984a63dbf97cae86a,true,mc textures\HAS ALPHA\bp_remade\no_mip_fixes\ui,false,true,5,remarci_4x,false,0,false,false
006c364b,d39e3fbfe60c127b3327f53444ff91f75089eac2,3b40294b75e550bc9169cdce0a30ad548affcb3a,true,mc textures\OPAQUE\bp_remade\no_mip_fixes\ui,true,true,5,remarci_4x,false,0,false,false
006c8bcc,1e3b79c95a0e9da29cd4ebb840b16c9181fda4bd,b227cd533c4718fc2aed0ab67024eed15951eb6c,true,mc textures\OPAQUE\bp_remade\no_mip_fixes\ui,true,true,5,remarci_4x,false,0,false,false
006c9f16,564d4b05b342cac9e9a3cff48eb01d47edb6c788,ba1cc009645a5e798466e3a5c88b4985bf19344f,true,mc textures\HAS ALPHA\bp_remade\no_mip_fixes\ui,false,true,5,remarci_4x,false,0,false,false
006caff4,ac7d9bef8512033c73924466afb7853a6bfc04ba,c1c93b1b01acbfd67d435d2bfca1e54a2921e9ce,true,mc textures\HAS ALPHA\bp_remade\no_mip_fixes\ui,false,true,5,remarci_4x,false,0,false,false
006cc973,6a13f2463a769c972b96f52b4dd3d780299b958f,78d4f593384c8088eb10cdd59a007ece4b7c1a21,true,mc textures\HAS ALPHA\bp_remade\no_mip_fixes\ui,false,true,5,remarci_4x,false,0,false,false
006ce263,4fd1c9aad48f694890ede519e6140d2711facfc0,98d0f51eafc528de7b827cfb36e46fa07ca4fb31,true,mc textures\HAS ALPHA\bp_remade\no_mip_fixes\ui,false,true,5,remarci_4x,false,0,false,false
006ceb0b,506c5391d6565c14a6c78c1fa1e0a3cb77de5630,63a75a02e60c522981b4fdf97adbe536a9bec3b4,true,mc textures\HAS ALPHA\bp_remade\no_mip_fixes\ui,false,true,5,remarci_4x,false,0,false,false
006cfd2a,14c90bb0d01a802e0a3a1129aae3ddee000c3ac8,647b5b1e2a26d7f4e592773269d95543a7db6366,true,mc textures\OPAQUE\bp_remade\no_mip_fixes\ui,true,true,5,remarci_4x,false,0,false,false
006d8448,cb7c3af27b846eaaad8bef8cad374d3464c99a8b,83a6017622de5280a76f9a66bb07b8447626b275,true,mc textures\HAS ALPHA\bp_remade\no_mip_fixes\ui,false,true,5,remarci_4x,false,0,false,false
006d86e8,39e88f6905d6ae7d0dd6494c80e01ee461b6245d,325c292b1cf7ace8e9666669be149722ed01a192,true,mc textures\HAS ALPHA\bp_remade\no_mip_fixes\ui,false,true,5,remarci_4x,false,0,false,false
006d9448,e8ca5a00afa9eaa819d75ae6a1e5e3cbdf37661a,d80780c24c5106b035acf7a2bab6264b518f0119,true,mc textures\HAS ALPHA\bp_remade\no_mip_fixes\ui,false,true,5,remarci_4x,false,0,false,false
006d9f16,3608baf7ed3f616f29d4a375a787e9b3b72f1cf2,fe2da2a4a702c073f4ebacfaa33e0fe32b8b24a2,true,mc textures\HAS ALPHA\bp_remade\no_mip_fixes\ui,false,true,5,remarci_4x,false,0,false,false
006da448,c909a756b056ea76f8a9775fea9f4656a9a2151e,f2ce5ae528cece6b800ba7f961ecc0fa8c8be8b5,true,mc textures\HAS ALPHA\bp_remade\no_mip_fixes\ui,false,true,5,remarci_4x,false,0,false,false
006db448,64aaa6944b391c3743514c3334085ab09612cc98,553484c080a1181ed4c00893f9757e777dd5a993,true,mc textures\HAS ALPHA\bp_remade\no_mip_fixes\ui,false,true,5,remarci_4x,false,0,false,false
006dc448,1408d412925cf02ff9229978538e350b214c431a,10e97edaea913719acecd8659a5280b938deeefc,true,mc textures\HAS ALPHA\bp_remade\no_mip_fixes\ui,false,true,5,remarci_4x,false,0,false,false
006dd448,a35b7f0e947e10ab244cce46e87aee1481229fbd,6c5b9e13e623b8b1700735d2971398ea2c6f5cb5,true,mc textures\HAS ALPHA\bp_remade\no_mip_fixes\ui,false,true,5,remarci_4x,false,0,false,false
006de448,046fc23cae7c2c841b65509e2e0a6d19cdb9cfba,42cca0dccf098c0300c9447315cfda52c21c3995,true,mc textures\HAS ALPHA\bp_remade\no_mip_fixes\ui,false,true,5,remarci_4x,false,0,false,false
006df448,cdcaa3c14464f364950b0f69905f8798d55adbd0,3355d6eabb1559937a2528b29bcad74dd5960875,true,mc textures\HAS ALPHA\bp_remade\no_mip_fixes\ui,false,true,5,remarci_4x,false,0,false,false
006e277f,fd6f25f232f604084c3462eaca3f4ca5be754e8b,0c3403f3c4c4bfcd6d5d79c1a3b46cfcc1535b23,true,mc textures\HAS ALPHA\bp_remade\no_mip_fixes\ui,false,true,5,remarci_4x,false,0,false,false
006e3bc6,9aa9ba03de9ddd592db4aca469f8de52d36fbac4,cd91774f39b53f556c979c55782a3f95c4e32b89,true,mc textures\HAS ALPHA\bp_remade\no_mip_fixes\ui,false,true,5,remarci_4x,false,0,false,false
006e86e8,522d93bc5a2de5d680c56e8312e9ce772923893c,18e98bf78da3165a8994d51322b0a7b2ddc9c7d2,true,mc textures\HAS ALPHA\bp_remade\no_mip_fixes\ui,false,true,5,remarci_4x,false,0,false,false
006f6448,887a2f3d23acc724141ba5135f0664987b6b2647,3c73d7624622082531154a97c42e6dd383c740e0,true,mc textures\HAS ALPHA\bp_remade\no_mip_fixes\ui,false,true,5,remarci_4x,false,0,false,false
006f66d8,ed2557b66dfc944ab10cb8ee9836358c5c5dfc4c,af5ecb9392067cc40e0d49f482888ea4ada40d18,true,mc textures\HAS ALPHA\bp_remade\no_mip_fixes\ui,false,true,5,remarci_4x,false,0,false,false
006f7448,8f4b6d9d1206f7abf51e0f908c8994d63211ad40,76ce670993a09e03002c4d5345894766a80f4322,true,mc textures\HAS ALPHA\bp_remade\no_mip_fixes\ui,false,true,5,remarci_4x,false,0,false,false
006f8448,e72311a37380ce73b839f87c8fe387d31c2e65e1,76f458e755fc2136f73a5fe7b71424a047483211,true,mc textures\HAS ALPHA\bp_remade\no_mip_fixes\ui,false,true,5,remarci_4x,false,0,false,false
006f9448,4a1289975e7d6db535b35b7e458147efa0ee17f6,1834cc677d2ee862b281a670b80757adb88b261a,true,mc textures\HAS ALPHA\bp_remade\no_mip_fixes\ui,false,true,5,remarci_4x,false,0,false,false
006fa448,0b55a22150c7f9a635a82ad6c5a400b05512042f,f3da97ec8aa723d24578c9332fd679634c922845,true,mc textures\HAS ALPHA\bp_remade\no_mip_fixes\ui,false,true,5,remarci_4x,false,0,false,false
006fb448,bb9e288dbaad53aedeb4b2eaa8b60ed00ff91d3a,7758f4b662f25882af035a243a3f55c70a6e1da1,true,mc textures\HAS ALPHA\bp_remade\no_mip_fixes\ui,false,true,5,remarci_4x,false,0,false,false
006fbeff,0cb434574bd629f203954929fa401c4c525c5eee,b371449b727bde4ec139a427587e4201dd9c1b17,true,mc textures\HAS ALPHA\bp_remade\no_mip_fixes\ui,false,true,5,remarci_4x,false,0,false,false
006fc448,dbf2ce2557e98127fc9c5dfc32e43e0d5dfdce7b,ef8d77bf60b99610ef6b0fd93af35aaab1beb62d,true,mc textures\HAS ALPHA\bp_remade\no_mip_fixes\ui,false,true,5,remarci_4x,false,0,false,false
006fd448,7e8e7fbac8537ff4c6ea1f8dd91a6fe446109064,ca4cab595f55eb58aae4539d5a49e6dd91613f84,true,mc textures\HAS ALPHA\bp_remade\no_mip_fixes\ui,false,true,5,remarci_4x,false,0,false,false
006fe448,9ae5c385d7b3977c8f18bc31115e6ecd4e143930,671c9088422e66c5a0880f515c4ac23ab3f0a775,true,mc textures\HAS ALPHA\bp_remade\no_mip_fixes\ui,false,true,5,remarci_4x,false,0,false,false
006ff448,5f5de2b6ad550d3a9068c82ec8dea8253bc3a7d6,fef5ef563e3367f27aa3c17c9a5234a4066fab2c,true,mc textures\HAS ALPHA\bp_remade\no_mip_fixes\ui,false,true,5,remarci_4x,false,0,false,false
00701506,7cab468180723fd1567ebefac521cdacbaa0872d,51ee6a1a21b0b236b94af489525ff71faea3704e,true,ps2 textures\HAS ALPHA\manual\bp_remade\no_mip_fixes\ui,false,true,5,remarci_4x,false,0,false,false
00703c5d,003e22b0636ace8599ca45ba4d19b907de6698bd,684d5594ea1e22ab09a1445776e9218912565b0b,true,ps2 textures\HAS ALPHA\no_mip_fixes\ui,false,true,5,remarci_4x,false,0,false,false
00713c60,f881c604260539aed9468b088c70c7b627a834bd,5cf4f1719395cd4729b68f24fe073580b04e8a17,true,mc textures\HAS ALPHA\bp_remade\no_mip_fixes\ui,false,true,5,remarci_4x,false,0,false,false
00713f17,a717c8f186e4d2c09d54196105fa53e679a77ef6,b2a2dcf95295bb68e5870267a0740818b43a2a3d,true,mc textures\HAS ALPHA\bp_remade\no_mip_fixes\ui,false,true,5,remarci_4x,false,0,false,false
00714c18,80930fdf13cd71aa0914a330f984e97ec727c0f1,f7458d71dd746f5a16e1a84b4e20dda65d029ecc,true,mc textures\HAS ALPHA\bp_remade\no_mip_fixes\ui,false,true,5,remarci_4x,false,0,false,false
00715ecd,98b8b8f8ff0e9ee10fc72c1a89de349d95c75d84,535a92d82e2db017308263e1d3a1187e8a82348e,true,mc textures\HAS ALPHA\bp_remade\no_mip_fixes\ui,false,true,5,remarci_4x,false,0,false,false
00716448,8a91c61c108578035f837612231aefa19df8d733,753f93622ad1706d924903846dcebbfcbd764e7a,true,mc textures\HAS ALPHA\bp_remade\no_mip_fixes\ui,false,true,5,remarci_4x,false,0,false,false
00717448,5ddec238c78bcd20a5314cee4aa68bcd3bb86d63,2c064664af78a6d8bb38f38fb3091a9acf551e00,true,mc textures\HAS ALPHA\bp_remade\no_mip_fixes\ui,false,true,5,remarci_4x,false,0,false,false
00718448,6649d507f82b35a0a8b24a97916239cc2d8bdd8c,4c4368a26ee43afb12afd69b0c4b976f4cd6b911,true,mc textures\HAS ALPHA\bp_remade\no_mip_fixes\ui,false,true,5,remarci_4x,false,0,false,false
00719448,b2413e3a38672778d7868be8acd55aa0acbf5958,709a4d9bb9cc3821498a7ee4b32d55c280ec1a40,true,mc textures\HAS ALPHA\bp_remade\no_mip_fixes\ui,false,true,5,remarci_4x,false,0,false,false
0071a448,67a8e0ebac135c115c0fd774578e2e11fdebb83b,c59e1d9db727aefd612d7c2755b6f162b04b001d,true,mc textures\HAS ALPHA\bp_remade\no_mip_fixes\ui,false,true,5,remarci_4x,false,0,false,false
0071b448,94a913c08231be5e2d88e572848fa1b3c0a39546,1d73d89b7344f07455c0537edb88f0e37c4cdc93,true,mc textures\HAS ALPHA\bp_remade\no_mip_fixes\ui,false,true,5,remarci_4x,false,0,false,false
0071c448,5c004f2e95c4b62d6c4522f31c4f853f175a257c,3bae2932f578b931b611d6832581eead86408c77,true,mc textures\HAS ALPHA\bp_remade\no_mip_fixes\ui,false,true,5,remarci_4x,false,0,false,false
0071cb83,006d4d0d6e4879619cec4394f7ec0d32443af945,4e64236f2522ec88c4c651ac51db988ed67c355d,true,mc textures\HAS ALPHA\bp_remade\no_mip_fixes\ui,false,true,5,remarci_4x,false,0,false,false
0071d448,3fe8f4f3ef9d5228b04b9d9667e931eaaf8a4e0e,b4382088366178a589864620ab3416f9d4af515b,true,mc textures\HAS ALPHA\bp_remade\no_mip_fixes\ui,false,true,5,remarci_4x,false,0,false,false
0071d6c8,32889b6b416832aa03a50e4dcca56282ab65676f,0d97089e22f3aaa86319ddff6cc7da4e26e419bf,true,mc textures\HAS ALPHA\bp_remade\no_mip_fixes\ui,false,true,5,remarci_4x,false,0,false,false
0071e448,3bc9ee8de2c874f25dca2f563a55c7ef7e5f4798,f826313b64cdcd69e1650d74439e3bbe7c8520c0,true,mc textures\HAS ALPHA\bp_remade\no_mip_fixes\ui,false,true,5,remarci_4x,false,0,false,false
0071f448,3a273d675b000a40c74f9cb3f7184fb5782cf5e3,d8ce38808f3d75dbdc8acb7917f9ae0f018031de,true,mc textures\HAS ALPHA\bp_remade\no_mip_fixes\ui,false,true,5,remarci_4x,false,0,false,false
00723f17,16c605cbe8323c0085318590df43ae50e8f8620f,d6d43c28ab51c4471831367d5ee1b8d2248a1149,true,mc textures\HAS ALPHA\bp_remade\no_mip_fixes\ui,false,true,5,remarci_4x,false,0,false,false
00733f17,54f8a8d1aa0c6f12ccbb9f090a741de8da1a55dc,4d282d38d5134d136074370ffb1d84416c5f058e,true,mc textures\HAS ALPHA\bp_remade\no_mip_fixes\ui,false,true,5,remarci_4x,false,0,false,false
00736448,26911a346ed3dd8b5ca2c1fe4c75c892c1c97383,b2bb8e128b04b31936bb54f1887c73eafe82affd,true,mc textures\HAS ALPHA\bp_remade\no_mip_fixes\ui,false,true,5,remarci_4x,false,0,false,false
00737448,dcf90f4f2577d8869a69be0a5e4cb2c4ca6c034f,32978957fb6f664a573b3bd7620ce832ca9daa32,true,mc textures\HAS ALPHA\bp_remade\no_mip_fixes\ui,false,true,5,remarci_4x,false,0,false,false
00738448,4f5f11904f16780c80387d48c39b005ad109e432,a61adb17fc19cf7eb422c6f4a404b4f532c5b828,true,mc textures\HAS ALPHA\bp_remade\no_mip_fixes\ui,false,true,5,remarci_4x,false,0,false,false
00739448,d444fcebef6e65867071600b8053e3596063c736,68d0ce4357b011cf24dbbc4ff33715ac6f9027c3,true,mc textures\HAS ALPHA\bp_remade\no_mip_fixes\ui,false,true,5,remarci_4x,false,0,false,false
0073b5c3,bb53d5c5aa30660567bc2655d8a82d6fbcfbfcc6,e845ba949f20f908223b97e31ab5473ee691f02a,true,mc textures\HAS ALPHA\bp_remade\no_mip_fixes\ui,false,true,5,remarci_4x,false,0,false,false
0073b90a,4aeb4eeb652e8d51ff8d97c0cf5502450b304a54,f173c0f82265d0f76129fbb4652f0967e6e3ba91,true,mc textures\HAS ALPHA\bp_remade\no_mip_fixes\ui,false,true,5,remarci_4x,false,0,false,false
0073c448,1e0ccf7313ff101e9e170e82f12c981cdfc4016c,f70cf67967a35e9842bdb3b75798a78ffd183e55,true,mc textures\HAS ALPHA\bp_remade\no_mip_fixes\ui,false,true,5,remarci_4x,false,0,false,false
00743f17,9210032fc59119a032a1d72bbe0f4a359f60701d,57eb472512a53dca3ff6023c94071a495a3bd775,true,mc textures\HAS ALPHA\bp_remade\no_mip_fixes\ui,false,true,5,remarci_4x,false,0,false,false
007456b2,5acd0de122fc48794d2a7d0797922a73eac1de0e,30d7acb3481681f910b04e5a4893c01199e4dee4,true,mc textures\HAS ALPHA\bp_remade\no_mip_fixes\ui,false,true,5,remarci_4x,false,0,false,false
00746cd0,649ac0a85e6b37692351dc35efc6d3ecde99e0f7,dbe38f9790bd11aa7adc95e4596589a83c937645,true,mc textures\HAS ALPHA\bp_remade\no_mip_fixes\ui,false,true,5,remarci_4x,false,0,false,false
0074b5c3,ec62eb7d48bc7c10eccbf010dcf1902624974f3c,a173242c3fd2fccf58088b9b42b6f25738b74401,true,mc textures\HAS ALPHA\bp_remade\no_mip_fixes\ui,false,true,5,remarci_4x,false,0,false,false
00753f17,b4bdf5263a7524ba6850b7695ec0851f2911678a,810c42bd19d0df14b6288d2b25c5f3b601ff1803,true,mc textures\HAS ALPHA\bp_remade\no_mip_fixes\ui,false,true,5,remarci_4x,false,0,false,false
00754e27,16787a5087ed79e6fd2f77cfc30b0d2c4c055c10,911f9f669088d744b76aa8c4984267e73a3d9bd9,true,mc textures\HAS ALPHA\bp_remade\no_mip_fixes\ui,false,true,5,remarci_4x,false,0,false,false
00754e2b,d645fc7303bd491d3c36f6395733a14875b8963b,6c991d0d327f56fe01fe5b15eaac37d0656f1e26,true,mc textures\HAS ALPHA\bp_remade\no_mip_fixes\ui,false,true,5,remarci_4x,false,0,false,false
00754e2f,13c430d25a012ca2fb8a45dad7c4c1c63a159b64,b64afa7462348d4733ccb76a4e61cfbeb1dfa248,true,mc textures\HAS ALPHA\bp_remade\no_mip_fixes\ui,false,true,5,remarci_4x,false,0,false,false
007592c2,0c576ad510adbd4187a659c00850ba6c1dbc1403,4686aa0870ef323d478c512a94f19f351e07b076,true,mc textures\HAS ALPHA\bp_remade\no_mip_fixes\ui,false,true,5,remarci_4x,false,0,false,false
0075a8e0,786fb99dd0efc0e38696720b1cbba70cbec66f85,412a22901d3a6e89426991c30c9ab2ff9b01e884,true,mc textures\HAS ALPHA\bp_remade\no_mip_fixes\ui,false,true,5,remarci_4x,false,0,false,false
0075d04f,55ba0f17ebc562bd569a1a762945b755a53cc4ae,6730e86948540bc8e72a237e0961fe0685d928c8,true,mc textures\HAS ALPHA\bp_remade\no_mip_fixes\ui,false,true,5,remarci_4x,false,0,false,false
0075e05b,e9b458717c8a66aaea6071dcf65dea2c71e7592a,1e02211f517dc3c46c43eda30b377b2903d8652d,true,mc textures\HAS ALPHA\bp_remade\no_mip_fixes\ui,false,true,5,remarci_4x,false,0,false,false
0075eac4,19225598f23184131294c14a87fd3f9c6510dbce,4e0065a2cf78023f804a49252ab4baf6154244bd,true,ps2 textures\HAS ALPHA\no_mip_fixes\ui,false,true,5,remarci_4x,false,0,false,false
00763f17,8832de7700d956598690a289ac16c292c1a31af2,58e7d3219d5bad1c1c1be29400812a6152d61ea4,true,mc textures\HAS ALPHA\bp_remade\no_mip_fixes\ui,false,true,5,remarci_4x,false,0,false,false
00769b5e,b38621a9d8e95c6d7773675981128795951e1d07,33d280427116f4594d6601bce2ebc63c7498670f,true,mc textures\HAS ALPHA\bp_remade\no_mip_fixes\ui,false,true,5,remarci_4x,false,0,false,false
0076b17c,339e1e3c5306ca3d80de55349a1850eeab7ba889,131729c5ff395694a893e550942ef76edfcdf570,true,mc textures\HAS ALPHA\bp_remade\no_mip_fixes\ui,false,true,5,remarci_4x,false,0,false,false
0076c0b0,63acaa535abf60c744c32e0910aa868b53ed1b78,3377bcbae89120c5fadfd53e527c745f4f3d035b,true,mc textures\OPAQUE\bp_remade\no_mip_fixes\ui,true,true,5,remarci_4x,false,0,false,false
0076cfa5,48f0bae792bbc7b7f7be432ea1ca18fde8c4ab04,25ac5e8590f062cef1a87d9a74cd408868d7acba,true,mc textures\HAS ALPHA\bp_remade\no_mip_fixes\ui,false,true,5,remarci_4x,false,0,false,false
0076ded2.img,a7c4ae9631844ddb7a0bd2e9786780de89762709,5e7a8dca10a09f7a1fe32f65bb8f242bbd16291a,true,mc textures\HAS ALPHA\bp_remade\no_mip_fixes\ui,false,true,5,remarci_4x,false,0,false,false
0076f4d8,9035e616d3574eb24126c7d8c7bb121a44d7e7d0,e32e408f4f847c0c1c0be7df03931d94c25b85f6,true,mc textures\OPAQUE\bp_remade\no_mip_fixes\ui,true,true,5,remarci_4x,false,0,false,false
0076f9b2,7955ec43fde59121d6546ce4ccf3dee44ff3a04b,bd97f6d3aa41691bf072eddae446fcf770be7ba4,true,mc textures\HAS ALPHA\bp_remade\no_mip_fixes\ui,false,true,5,remarci_4x,false,0,false,false
0077309b,481059766c27c767c3fd6704f682a561b5e503ed,c9034bc93412d2fc2df47303679e9b9b6e13877e,true,mc textures\HAS ALPHA\bp_remade\no_mip_fixes\ui,false,true,5,remarci_4x,false,0,false,false
00773f17,8ac45a0f7c5a61fc2cd0c03a51b300da8ead5609,93745efcd55be4d121b6b88a4e0d0239cb3b0c5d,true,mc textures\HAS ALPHA\bp_remade\no_mip_fixes\ui,false,true,5,remarci_4x,false,0,false,false
007753ca,91deb2d986387f58d5e635a5e49c5899cb0725fa,fb1c6ad951749d9d046c590dcdc99fbc058a351f,true,mc textures\HAS ALPHA\bp_remade\no_mip_fixes\ui,false,true,5,remarci_4x,false,0,false,false
0077fd76,ac62dae7b87aeefc352ef51b2e9caa26abb51023,d9152209febe36d05b5118f660b8fa72587b0a86,true,mc textures\HAS ALPHA\bp_remade\no_mip_fixes\ui,false,true,5,remarci_4x,false,0,false,false
00783f17,5a16640c6a104cd3c243a010100694f4a3bff002,04e9e2f69bc9a584e5c7aab15a5158f0001b33f3,true,mc textures\HAS ALPHA\bp_remade\no_mip_fixes\ui,false,true,5,remarci_4x,false,0,false,false
00793f17,644fe436327ddd3b4a6642535a5fe7a4e6cdfb6e,e060dabe0bbe3bc452a66af7ae1e08aec11f736e,true,mc textures\HAS ALPHA\bp_remade\no_mip_fixes\ui,false,true,5,remarci_4x,false,0,false,false
007a0eb6,43acb208790b4c0e677947029334ee19239492b3,f98dfd6ae1a38ba9739d431ec73edd9874184a1f,true,mc textures\HAS ALPHA\bp_remade\no_mip_fixes\ui,false,true,5,remarci_4x,false,0,false,false
007a4cea,84d1c268ca298e6868aaae3319f48eafde3ed076,f903121f2667b7515f32fb923aa6a179503840e9,true,ps2 textures\HAS ALPHA\no_mip_fixes\ui,false,true,5,remarci_4x,false,0,false,false
007a861b,d907c90f23d58265d6209c81389d27fca1c6a4ce,46b09932fb7bbdc6099f0f13e61abb47457bf6e3,true,mc textures\HAS ALPHA\bp_remade\no_mip_fixes\ui,false,true,5,remarci_4x,false,0,false,false
007b439a,abf09e696dffdb640786aa251257fc506e8066f2,356e3240b5a26226ad72ff5c9b75ec03ea03c0a5,true,mc textures\OPAQUE\bp_remade\no_mip_fixes\ui,true,true,5,remarci_4x,false,0,false,false
007becbf,080f409974dbc1b1d12b8b4d639e5ac33a1f624a,24a188391c7969e2a2e8fa3f16acddd7976d6d39,true,mc textures\HAS ALPHA\bp_remade\no_mip_fixes\ui,false,true,5,remarci_4x,false,0,false,false
007becbf_d76a24c266a9cb2e6b846847c1e131b3,f0d851e0e85f2143de24171b7b74a634d47c4da4,afcaa613302360fffa6d3e4bcc3fe7640f9db21a,true,mc textures\HAS ALPHA\bp_remade\no_mip_fixes\ui,false,true,5,remarci_4x,false,0,false,false
007cab39,dbc5b4f090b2b75825640ff3f226e247632de20d,057687286874a8c1e1636bbfc723314ca11540b5,true,mc textures\HAS ALPHA\bp_remade\no_mip_fixes\ui,false,true,5,remarci_4x,false,0,false,false
007d3f5f,a971770d592d66ce1f39774b1a62f910ee28e670,243761200646be6f863a93e0b714cf597eb6e404,true,mc textures\HAS ALPHA\bp_remade\no_mip_fixes\ui,false,true,5,remarci_4x,false,0,false,false
007d53a6,d09ad62efb102264980269ba4b7ca6f3d3b10a58,923acb55a9d85e18e32959916a497427788eaaba,true,mc textures\HAS ALPHA\bp_remade\no_mip_fixes\ui,false,true,5,remarci_4x,false,0,false,false
007d6feb,a5655c760812c2c117406b3d38f8d3744857ed00,1583b52344e32424d66b053544e4dd678107ef59,true,mc textures\HAS ALPHA\bp_remade\no_mip_fixes\ui,false,true,5,remarci_4x,false,0,false,false
007db4a7,faafc4fd5ddda842006fde87e966f751b25889e7,0ebe066fe8f6cecc5c3501433f2cb1ec111f6bbd,true,mc textures\HAS ALPHA\bp_remade\no_mip_fixes\ui,false,true,5,remarci_4x,false,0,false,false
007dd821,4d0e6b6eef99edeff5ed7ee4e39a7a7f3d5cc9ca,7acae1e9ada3cd4e48f083cfec1d9706f8e2a15a,true,mc textures\HAS ALPHA\bp_remade\no_mip_fixes\ui,false,true,5,remarci_4x,false,0,false,false
007e021f,ad55cf1b19c7d4203f2b5de9931a14227a686377,fd80751d61d2c855386451cce166dd5dc32e1b62,true,ps2 textures\HAS ALPHA\manual\bp_remade\no_mip_fixes\ui,false,true,5,remarci_4x,false,0,false,false
007e6d5e,4c16499225384c23217707f41904583f2e977255,07c14829e23155325ce0b485dfecff1eb666363d,true,mc textures\OPAQUE\bp_remade\no_mip_fixes\ui,true,true,5,remarci_4x,false,0,false,false
007f2d9b,865524b60c5d0729eb619982123bbde7b2a90a7e,3c051c67555d91f32b5187fcdeacb8c699de93bb,true,mc textures\HAS ALPHA\bp_remade\no_mip_fixes\ui,false,true,5,remarci_4x,false,0,false,false
007f4fc0,dcd99170ef893cd29f5663f994deef942f307961,f6ade925a756612ad68b6d2b1543bd19c932b201,true,mc textures\OPAQUE\bp_remade\no_mip_fixes\ui,true,true,5,remarci_4x,false,0,false,false
007f59aa.img,322b7beb5a0af345b44c10ce19b16f6ad0ba520c,0c978e706da440e1c889b20b6d78e7a6eacbd15f,true,mc textures\HAS ALPHA\bp_remade\no_mip_fixes\ui,false,true,5,remarci_4x,false,0,false,false
007fdca5,1704bdab9a6730ceb1bcb51f05313004cfb25b91,936d1d3a2716213b36480256fa34d7ad24e07ebf,true,mc textures\HAS ALPHA\bp_remade\no_mip_fixes\ui,false,true,5,remarci_4x,false,0,false,false
007fdca5_bc59118cc4ca795763c430049771b11e,50ff660b188a21ef90986516a933c3b2460ef694,6cf3e5ec83af7d34e00466e3e9c67a12f97d0770,true,mc textures\HAS ALPHA\bp_remade\no_mip_fixes\ui,false,true,5,remarci_4x,false,0,false,false
0080364d,939282fbc7da1ea746219bb8dfe988e2f086987d,97e16f263f992f249dc35536345b0c85cdde24a7,true,mc textures\OPAQUE\bp_remade\no_mip_fixes\ui,true,true,5,remarci_4x,false,0,false,false
008043ad,7bda331496639dfc8bd06470bb64051dc2b0261e,297d2dfb5e28e3e5fd37d9053f19b3c8822021b5,true,mc textures\OPAQUE\bp_remade\no_mip_fixes\ui,true,true,5,remarci_4x,false,0,false,false
008126b0,e3d99d0113d0c86b4439174db3211ffeeddcde2b,8814010fc2ba2b0393a1336dfa421c5638f90882,true,mc textures\HAS ALPHA\bp_remade\no_mip_fixes\ui,false,true,5,remarci_4x,false,0,false,false
0081435d,b795a4d13c18e61a0229e780018b4e6b3099dd57,cc6213b61c4533ac5d29914835d9d3393ec7e7d6,true,mc textures\HAS ALPHA\bp_remade\no_mip_fixes\ui,false,true,5,remarci_4x,false,0,false,false
00814361,2079b104315794f4a6b3e6bf70c7617cd3d91b93,f803c14fa55c8dbdf2700ae21ee82aaa661ecfea,true,mc textures\HAS ALPHA\bp_remade\no_mip_fixes\ui,false,true,5,remarci_4x,false,0,false,false
00814365,f604a3d8acefb563e73dbd59bb1758c82c65362d,56eae4843e7220e3baa43113f63a46afd334d5cc,true,mc textures\HAS ALPHA\bp_remade\no_mip_fixes\ui,false,true,5,remarci_4x,false,0,false,false
00814369,4406e3877732fc5adef7ddfb7eecf032e3325ff0,c8e24dcc6b611388d4e5772cb242fbc571aae672,true,mc textures\HAS ALPHA\bp_remade\no_mip_fixes\ui,false,true,5,remarci_4x,false,0,false,false
008287b5.img,650558e5147550f2f7cb853001a5ea59705c6be9,0fde2db27e6ac72f0764c1f3f19c972b4f9c286c,true,mc textures\HAS ALPHA\bp_remade\no_mip_fixes\ui,false,true,5,remarci_4x,false,0,false,false
00829893,e799c0419b7eb2dd663356e1bb9eb4dff33df3af,c5ef279461531f1bcdfdb4db852c77d0bb1df507,true,ps2 textures\HAS ALPHA\same sha1\no_mip_fixes\ui,false,true,5,remarci_4x,false,0,false,false
00829969,00bb1953efd451329f8c37420692bf597a81dea3,c2f0d2ea6ab4cb6e7959817b68b84109f32ee1d6,true,mc textures\OPAQUE\bp_remade\no_mip_fixes\ui,true,true,5,remarci_4x,false,0,false,false
008341ad,ccccdbe8f16fde5c0c7fb5e9203ffe53a62babf6,5dd479b401d35065c07c4094f65060dd9c950672,true,mc textures\HAS ALPHA\bp_remade\no_mip_fixes\ui,false,true,5,remarci_4x,false,0,false,false
00837206,969af93c9662ee0600fbd643dfc75e76f8f7a820,f0d72a7eaa4b5128578e62e42f8427a84fa80c84,true,mc textures\HAS ALPHA\bp_remade\no_mip_fixes\ui,false,true,5,remarci_4x,false,0,false,false
00847ff1,4311e793c38b216430bbcad161ac6fdd565e8d97,e8cda64b746dec5c720761a6e88385a4b0a3cb89,true,ps2 textures\HAS ALPHA\no_mip_fixes\ui,false,true,5,remarci_4x,false,0,false,false
00848312,536e49cc2e95e4cf8ffc8e7ff14074d5c2991541,c0df8c2e16d1860f24991f82c6e6245612eb0777,true,ps2 textures\HAS ALPHA\same sha1\no_mip_fixes\ui,false,true,5,remarci_4x_extra_smooth,false,0,false,false
0084cf43,2e910e7f8d5d132088cf39b516ce224155ba1823,688ec256a48da27ec1c70b9bcb869b0862ee97f5,true,mc textures\HAS ALPHA\bp_remade\no_mip_fixes\ui,false,true,5,remarci_4x,false,0,false,false
008514ff,8eb9028cbc91a946d423f34d580cf960124ddd84,ffb57ddedb2b8c00c793158d0aeca27833c93076,true,ps2 textures\HAS ALPHA\manual\bp_remade\no_mip_fixes\ui,false,true,5,remarci_4x,false,0,false,false
0085c31b,d84e753bc9845a5659a627c4221cc5b528d024ef,fe748a5ec492d35bcfe46e2791350e490d33793a,true,ps2 textures\HAS ALPHA\same sha1\no_mip_fixes\ui,false,true,5,remarci_4x_extra_smooth,false,0,false,false
0085c59b,caca5ee167e2243c570ae65ee1b24bbbd8741805,64069cbf4607d94da661d97c02ed6a9e1b93bc10,true,mc textures\HAS ALPHA\bp_remade\no_mip_fixes\ui,false,true,5,remarci_4x,false,0,false,false
0085cb2c,52d9cfd29ee05f83a2277a8aa8611dd73b2e4835,21c0ab1f48517acca3409ccbb8e21c006e905eea,true,ps2 textures\HAS ALPHA\same sha1\no_mip_fixes\ui,false,true,5,remarci_4x_extra_smooth,false,0,false,false
008601d0,1ea523135843f0c33ee2b72e5a08ee0c22157d4d,5abb300c1bd332ddc7bb354fd057765efd1d6e2a,true,mc textures\HAS ALPHA\bp_remade\no_mip_fixes\ui,false,true,5,remarci_4x,false,0,false,false
0086962f,b190da8cc253f5f84dcb0b07c326ef734a4e5f9f,47ec46972afad1777352f11f290ebfafcbf48c9e,true,mc textures\OPAQUE\bp_remade\no_mip_fixes\ui,true,true,5,remarci_4x,false,0,false,false
0087ae80,a51c8d634e115271a5fd98fa6ce1f9ebe0d3beb6,8a45ab0be8548d0b789322062506800b411f53dd,true,mc textures\HAS ALPHA\bp_remade\no_mip_fixes\ui,false,true,5,remarci_4x,false,0,false,false
00882820,897357a4b11f14232c88bb55d07a002d404e3267,d57d3e6393147b78990e57a1a774acea0326f465,true,mc textures\HAS ALPHA\bp_remade\no_mip_fixes\ui,false,true,5,remarci_4x,false,0,false,false
00889643,047d045951a6f81cc96b0a916f1386bd6c0c8ddd,8c111ba9c830cb4da82ae057e8bb79ce181acdb6,true,mc textures\OPAQUE\bp_remade\no_mip_fixes\ui,true,true,5,remarci_4x,false,0,false,false
008956b2,0d836098e9a7960aaa3012a6af492854759de16d,24c523f55882a855c19eec99a04dfd5a0a1bbdf3,true,mc textures\HAS ALPHA\bp_remade\no_mip_fixes\ui,false,true,5,remarci_4x,false,0,false,false
00896cd0,606323723529b102d40a17db8e04921dd2e6f511,6d73bdeffb65a68cb965a08ce8ff9479018ba035,true,mc textures\HAS ALPHA\bp_remade\no_mip_fixes\ui,false,true,5,remarci_4x,false,0,false,false
008a417d,2b50032a864ec1e0972d9f0365824211e47968b4,29d518d49aa239322220dba633ff456d66e32a40,true,mc textures\HAS ALPHA\bp_remade\no_mip_fixes\ui,false,true,5,remarci_4x,false,0,false,false
008aac24,4d0f752a2bee8ac75d37e02094a3dae49f0f6a86,65c208346be604d4cf7de090eaec04b0c361ebb6,true,mc textures\HAS ALPHA\bp_remade\no_mip_fixes\ui,false,true,5,remarci_4x,false,0,false,false
008b3660,00158855769262621955e9cb769bf615df6327b0,63eac812e04168dfac09a66057168253cdb32160,true,ps2 textures\OPAQUE\same sha1\no_mip_fixes\ui,true,true,5,remarci_4x,false,0,false,false
008b4fc1,1a73f3c4ffce5d3995279f3937d5633a4cd1e10f,3c9ca62e2fe50b628107ded0f9d7d36afb81d6fa,true,mc textures\OPAQUE\bp_remade\no_mip_fixes\ui,true,true,5,remarci_4x,false,0,false,false
008bcd10,d18b1727efe800bcd53fa0290d5913d2a5ead196,b348c321812f048a8ba740a18a247ce3a5b3fb76,true,mc textures\OPAQUE\bp_remade\no_mip_fixes\ui,true,true,5,remarci_4x,false,0,false,false
008c59bd.img,d6d412e8bce7527bd13a6179c498f5e1f59c0006,c08277d2f0eda10170cdabafc364f924cbd8fe90,true,mc textures\HAS ALPHA\bp_remade\no_mip_fixes\ui,false,true,5,remarci_4x,false,0,false,false
008caa88,ccdc607a61dae4805843c6c5fda55b486aa8c712,1afaf565fabc19aa6e0ecb15b703ce3acda7c9ab,true,mc textures\HAS ALPHA\bp_remade\no_mip_fixes\ui,false,true,5,remarci_4x,false,0,false,false
008cae7c,615b936070d54099bcc08fb7d8dbc2dcf29767c6,4dd64285e77258db191b6eb7b05e04130ba04c64,true,mc textures\HAS ALPHA\bp_remade\no_mip_fixes\ui,false,true,5,remarci_4x,false,0,false,false
008d3d20,f4dbc6a5a2e95dd9b2e95a2def228d9388334fd3,0a5f6f8398b79be64a68dbe3348bd8be877148f3,true,ps2 textures\HAS ALPHA\manual\bp_remade\no_mip_fixes\ui,false,true,5,remarci_4x_extra_smooth,false,0,false,false
008d9657,d6b0c399c85cff48af8a99b4865afda5de8fac79,737e5cba42e5651b9d9fe60a86645be4e9f1d787,true,mc textures\OPAQUE\bp_remade\no_mip_fixes\ui,true,true,5,remarci_4x,false,0,false,false
008dab1c,b121f9954041478830406b8ab749d5b7b1659777,77f642623896efa4e0d056706153ca86ffccfb34,true,mc textures\OPAQUE\bp_remade\no_mip_fixes\ui,true,true,5,remarci_4x,false,0,false,false
008e5121.img,5ce613e3ae3f8835865fdc5cbd7e63ef63fbeaad,c7e11d0dbb179569f74d79ba44a6eb07615b7068,true,mc textures\HAS ALPHA\bp_remade\no_mip_fixes\ui,false,true,5,remarci_4x,false,0,false,false
008e9d03.img,d0737204d60ba329eb17e0ecaa02495a7179312c,e1e7e579f61cb358ac19e986d6ae804f9ac8d594,true,mc textures\HAS ALPHA\bp_remade\no_mip_fixes\ui,false,true,5,remarci_4x,false,0,false,false
008f6f6a,a0a79065331ec625b8088fed509719f18266a6a6,e1ca774afd7b23d93f81c3386a80739216d25bb6,true,mc textures\HAS ALPHA\bp_remade\no_mip_fixes\ui,false,true,5,remarci_4x,false,0,false,false
008fe4a2,8a9806f844949f1bbaf769c61f7936e89c8a6743,cd37153ac36af8d64403e1991ac67b3107d3ba1f,true,mc textures\HAS ALPHA\bp_remade\no_mip_fixes\ui,false,true,5,remarci_4x,false,0,false,false
0091381e,8702700cea43710c324e992ec28b71a905e5fa51,9b4e118a9bd3061e96b20d350b1bc9f3fe48dfbd,true,mc textures\HAS ALPHA\bp_remade\no_mip_fixes\ui,false,true,5,remarci_4x,false,0,false,false
0091a37d,156f22b23173ce3f90c045f5e891733f5a3f2d64,cb0fde441c073e429dc29cd112224143f0cbcfcb,true,mc textures\HAS ALPHA\bp_remade\no_mip_fixes\ui,false,true,5,remarci_4x,false,0,false,false
0091ab39,200e137ad498eceed9aed8d867877f2e416f600b,d8d72385f175b3349dde8fc4143dcdd4f387b667,true,mc textures\HAS ALPHA\bp_remade\no_mip_fixes\ui,false,true,5,remarci_4x,false,0,false,false
00920bfe,233ef6a1b1e97e515880b1a36297153fdd6be2c3,e3cf58fb33abd8d63150e2da0ccf060b2441d47b,true,mc textures\HAS ALPHA\bp_remade\no_mip_fixes\ui,false,true,5,remarci_4x,false,0,false,false
00920bfe_19838aaf95614e645b864c4e8898359c,f29d24234f49c96e12b8f17e70fe8d5e644bf96d,c5750cb4c367243041035a8de68ba7ba1e5cea8d,true,mc textures\HAS ALPHA\bp_remade\no_mip_fixes\ui,false,true,5,remarci_4x,false,0,false,false
009214e6,0ca97df88d976a4892f218ff030e8e62732eb053,eb1a3668a2cf7532bcaa012597c49d824bc70b59,true,mc textures\HAS ALPHA\bp_remade\no_mip_fixes\ui,false,true,5,remarci_4x,false,0,false,false
0092367d,5d795654610504cd3aea3aa8f479365d77945bf6,7e4da02435fe72447482e46a450236ad1c386f42,true,mc textures\OPAQUE\bp_remade\no_mip_fixes\ui,true,true,5,remarci_4x,false,0,false,false
00928c9e,8c256c66048c2d6dabd5fcf79efe4691eb9c6d73,d8864927f05e23e8ebae66491305404119ca1c30,true,mc textures\OPAQUE\bp_remade\no_mip_fixes\ui,true,true,5,remarci_4x,false,0,false,false
0092f800,ecaf4d193b269a6c99b816c5cd434d32d877e1ec,65493fe6f611a99889b225ad8ff6646ee7c8ac70,true,mc textures\HAS ALPHA\bp_remade\no_mip_fixes\ui,false,true,5,remarci_4x,false,0,false,false
00938e79,615f4ffef3f65cf43205df6e441322b9154b53a3,4750f66f8ba1e289c1f8c4c69cfae4154c99dd0f,true,mc textures\HAS ALPHA\bp_remade\no_mip_fixes\ui,false,true,5,remarci_4x,false,0,false,false
00944f72.img,d70d784f41f3c13dff04855eef250953250a3d05,44e286e8939b2980be8d9620f30f99d0917acce0,true,mc textures\HAS ALPHA\bp_remade\no_mip_fixes\ui,false,true,5,remarci_4x,false,0,false,false
0094ce84,f3e0dfdbc99b2e59024aab90150162888c30ef08,40c1e668c4d8bbe3d0783ddbc408833417ed1e8d,true,mc textures\OPAQUE\bp_remade\no_mip_fixes\ui,true,true,5,remarci_4x,false,0,false,false
009517e8,6d42be6cd8d37dc7e4007ae676e7978efabba85a,5b66f422f6d4d08bd1fc689bbaf5ebbeaffb34d7,true,mc textures\HAS ALPHA\bp_remade\no_mip_fixes\ui,false,true,5,remarci_4x,false,0,false,false
009517e8_05c2f6d5f4a45fc6c9ac1d1e4d84eb84,774a0c2a9be04afdb06a384c493e7c37773fedfe,64dcfbf89b04dbfb15ba44b0c10e3f381a2e1141,true,mc textures\HAS ALPHA\bp_remade\no_mip_fixes\ui,false,true,5,remarci_4x,false,0,false,false
00954e27,994795499feba6e936568cdd7948de56018fe8c7,107581aa193157ed2fa2d06e3ef18702bc1889ff,true,mc textures\HAS ALPHA\bp_remade\no_mip_fixes\ui,false,true,5,remarci_4x,false,0,false,false
00954e2b,ee913cac331d7c8f5d649eca9e868ee9d99debf5,03ffa27b8d33ec0a955b2cce1852418ae9e22996,true,mc textures\HAS ALPHA\bp_remade\no_mip_fixes\ui,false,true,5,remarci_4x,false,0,false,false
00954e2f,e4127b43b63acc357c1963fdfe25c358f7115266,9c13a60e7c2d4813d7a3819076cf10de74609634,true,mc textures\HAS ALPHA\bp_remade\no_mip_fixes\ui,false,true,5,remarci_4x,false,0,false,false
009636d8,b5f24588f7f8022372b83297afbaa28e1523ef97,5f4c239e24647d45895382467df4a207fa485ef7,true,mc textures\HAS ALPHA\bp_remade\no_mip_fixes\ui,false,true,5,remarci_4x,false,0,false,false
00966bce,bae7ecd3e902c53f739d2bea76302db6e996b1bd,df4dde3eb39159cc337e5f53b030267426aa6f06,true,mc textures\HAS ALPHA\bp_remade\no_mip_fixes\ui,false,true,5,remarci_4x,false,0,false,false
00968eff,27a82e6c185e451e4629bfdc7505bfd8afab7b05,8c66d52db0f9fec4b4d8fda9d38ece8fdeb433d5,true,mc textures\HAS ALPHA\bp_remade\no_mip_fixes\ui,false,true,5,remarci_4x,false,0,false,false
0096a8ea,eea8949afc5025b1cdd35042b80b5a0eb5f56f2a,f7d83512acb1a2032511043af62dda5105a6b5c1,true,ps2 textures\OPAQUE\same sha1\no_mip_fixes\ui,true,true,5,remarci_4x,false,0,false,false
0096fe43,d3862ff7922c1aeab691a034ca5467b5667d6d69,2125c328777262d1acd7304f813a16751a3e6fc4,true,mc textures\HAS ALPHA\bp_remade\no_mip_fixes\ui,false,true,5,remarci_4x,false,0,false,false
00971f1b,d37ca645bbe1aa5c1646e37a98507f3cc4e09c09,86ea09c1704c779eced7474a2a433d1a2f9703c2,true,mc textures\HAS ALPHA\bp_remade\no_mip_fixes\ui,false,true,5,remarci_4x,false,0,false,false
00973d39,93ff8810c925aaf8e16b615e3010bf96705d0b9c,9d329cda18b47b401a71da8b104fd9b0dbd63022,true,mc textures\HAS ALPHA\bp_remade\no_mip_fixes\ui,false,true,5,remarci_4x,false,0,false,false
00978e55,68669c3c0c7bb676963083952b6da0cc3efe6487,463e98eabda3cd1a63ed172b82ddf8974dcfbf02,true,mc textures\HAS ALPHA\bp_remade\no_mip_fixes\ui,false,true,5,remarci_4x,false,0,false,false
009927c1,a0ad43b4cad9ddac3e909f48b73de37287642dc7,8c68852703268011b8e851151b08d6e4c6e93a87,true,mc textures\HAS ALPHA\bp_remade\no_mip_fixes\ui,false,true,5,remarci_4x,false,0,false,false
00993439,b881adc234ef707a1ad7c881a856c4550f376c97,bbe59d35d27dc4dc5ed70569f4d105ee8bf081a7,true,mc textures\HAS ALPHA\bp_remade\no_mip_fixes\ui,false,true,5,remarci_4x,false,0,false,false
0099388d,bfc29363fb51a85ff1039f918c1a5d3f650b5822,4bfaca632e18bb98a2a6856c9eda37663630398c,true,mc textures\HAS ALPHA\bp_remade\no_mip_fixes\ui,false,true,5,remarci_4x,false,0,false,false
00993afd,4f8c66d00268e438b0aa322975c6bd6ace780950,bf2f3acb7d28506c4d169d6ea626a48819f90db8,true,mc textures\HAS ALPHA\bp_remade\no_mip_fixes\ui,false,true,5,remarci_4x,false,0,false,false
00999367.img,5be87049a96e8341e71729706ffe18af7eeef5c6,a7b3e0d7bfa85da146d5c42da22d5af96fa9004b,true,mc textures\HAS ALPHA\bp_remade\no_mip_fixes\ui,false,true,5,remarci_4x,false,0,false,false
0099b5be,9fa911e01692030c2e995bcdb7414154bf99eb23,32a95eb3c69a09dbb122f65e10f1821e38edfb06,true,mc textures\HAS ALPHA\bp_remade\no_mip_fixes\ui,false,true,5,remarci_4x,false,0,false,false
0099d09b,ed3cdbec7cc518ac140a5858e799132580d7cf09,5e64977bd4d771053d8e58bd09b87636302839a2,true,mc textures\HAS ALPHA\bp_remade\no_mip_fixes\ui,false,true,5,remarci_4x,false,0,false,false
009a703f,3e211c3b73d2c89419160d46f6af35138663fc59,98a858ffa3263ae2156654e6ea3aa9aa61612e0a,true,mc textures\HAS ALPHA\bp_remade\no_mip_fixes\ui,false,true,5,remarci_4x,false,0,false,false
009a89e1,4b7b07df13bb28713a9ed8f9df2d6dbc5094fd14,9ad7c53ec640f4b9224be958ca0365b6eab24638,true,mc textures\OPAQUE\bp_remade\no_mip_fixes\ui,true,true,5,remarci_4x,false,0,false,false
009ab5be,b794e348ce69a64895882792b9ba311686120070,04eefdf3579327c195f6a921d94ed233f1177e80,true,mc textures\HAS ALPHA\bp_remade\no_mip_fixes\ui,false,true,5,remarci_4x,false,0,false,false
009ac59b,eaa70750fe990ab43e88aaa45923803fa9c91c00,2428892e2448a3b0c59233a838b47bd56f6e4cc6,true,mc textures\HAS ALPHA\bp_remade\no_mip_fixes\ui,false,true,5,remarci_4x,false,0,false,false
009b01d1,7412b5651ec747a6c6869f1541d2d69fb67ceb36,86c265488f7002c1418e4146d94679cbfda0b10f,true,mc textures\HAS ALPHA\bp_remade\no_mip_fixes\ui,false,true,5,remarci_4x,false,0,false,false
009b2164.img,b22387ab5a65b08e06cc1497c32edec62ebebd82,707f68d9f0de9dbed7e6da1f63b23dc934b93a30,true,mc textures\HAS ALPHA\bp_remade\no_mip_fixes\ui,false,true,5,remarci_4x,false,0,false,false
009b787e,57bd52afd2ce061a7fec5faa4c08111e68d95fd3,127411e930255400448fdeb86c85b50fca4d3f5c,true,ps2 textures\HAS ALPHA\no_mip_fixes\ui,false,true,5,remarci_4x,false,0,false,false
009b8c64,cd1a322ee3ef663db8b5514d034bd1be1c52ae32,df1a62dfb9f9b33335ecbc3941eb170e8d82ae45,true,ps2 textures\HAS ALPHA\no_mip_fixes\ui,false,true,5,remarci_4x,false,0,false,false
009b98f4,40947353da6a8c14d171597389378983cbcdb179,6e8d0da85b2ef54ce80621722adb9511238d81a7,true,mc textures\HAS ALPHA\bp_remade\no_mip_fixes\ui,false,true,5,remarci_4x,false,0,false,false
009bc7ce,af125a2c9b46333fadca6d4e4354b1ab0196cc22,7805a5d72064b6a50fb14ee429173b78a32aaa84,true,mc textures\HAS ALPHA\bp_remade\no_mip_fixes\ui,false,true,5,remarci_4x,false,0,false,false
009bcb56,32526288e0c99ad7566a3b8ba1c9b1a003bdd220,d047b618d9dbae1586256951be3b92f1b2a86e21,true,mc textures\OPAQUE\bp_remade\no_mip_fixes\ui,true,true,5,remarci_4x,false,0,false,false
009bcfc6,d5a94f4d722501b9ede1246e1d0519c7d85a623e,bf8a88e76eb1f50153daef2436d81f915005b46d,true,mc textures\OPAQUE\bp_remade\no_mip_fixes\ui,true,true,5,remarci_4x,false,0,false,false
009bd5c6,ec9d9c6e94f426396e48a24c5f5ed6cb76c73823,7d4390b7a8732a4099c49e7df92f54714c399831,true,mc textures\OPAQUE\bp_remade\no_mip_fixes\ui,true,true,5,remarci_4x,false,0,false,false
009be091,9f778a120e60be97fc9e7209693a87c270f3d85f,0e673a7a6e86e9ca46a858dbe3079ad694239e64,true,mc textures\HAS ALPHA\bp_remade\no_mip_fixes\ui,false,true,5,remarci_4x,false,0,false,false
009cf889,8b94a0c2d378a45d552a36e7c2449235bacd101d,0fe74fab5094f481dd7ea00fcb22832bae21115a,true,mc textures\HAS ALPHA\bp_remade\no_mip_fixes\ui,false,true,5,remarci_4x,false,0,false,false
009d3823,bc7b92b5d67f74c1e850c21c8fa94efc36e35af2,93a6573ddfb5c3f203c650a778497ae46357c620,true,mc textures\HAS ALPHA\bp_remade\no_mip_fixes\ui,false,true,5,remarci_4x,false,0,false,false
009d8ea8,032909ec72431047d1914e22362804d5238b3be1,54b29e13509526d1a2c578aae8c048f620290ef7,true,mc textures\OPAQUE\bp_remade\no_mip_fixes\ui,true,true,5,remarci_4x,false,0,false,false
009db5b5,f558c8bb62e7066d995ab5dd989c9bb345729132,b5881a34f9cc100b0601c2a92cbc85a48f1b7759,true,mc textures\HAS ALPHA\bp_remade\no_mip_fixes\ui,false,true,5,remarci_4x,false,0,false,false
009e9674,195aed996452a5a52cd7a1fae2df472c3d2f7a85,6b18bb2fab53e7ee32f73f16b5a2d96c39a500f5,true,mc textures\OPAQUE\bp_remade\no_mip_fixes\ui,true,true,5,remarci_4x,false,0,false,false
009eb5b5,97451f95c373f5a05c1cb4ba2d8908aa27049d9f,445167f6f0f53f05d421e41df37d4cdc7d400bdc,true,mc textures\HAS ALPHA\bp_remade\no_mip_fixes\ui,false,true,5,remarci_4x,false,0,false,false
009f15eb,73dfa0352e7f9a6635332d1314848e1a2d6fe264,75417426ce41958825c7f45eb1ad6864bae92a95,true,mc textures\HAS ALPHA\bp_remade\no_mip_fixes\ui,false,true,5,remarci_4x,false,0,false,false
009f7fc0,59c68b15faaa693ebec534b8f90a38608d3358b6,4c7ccc94840bca1e691ac5a7d592be76add29f3f,true,mc textures\HAS ALPHA\bp_remade\no_mip_fixes\ui,false,true,5,remarci_4x,false,0,false,false
009fc1bb,d1b3eebee529a12f337de946faccc046ae535642,0e5d7719e8a00f9fa880080307e014aba7e6c27d,true,mc textures\HAS ALPHA\bp_remade\no_mip_fixes\ui,false,true,5,remarci_4x,false,0,false,false
009fff0c,6c0ddc71aed4bc428f07a2ed57029ceae01c18d6,55862cd96b598ee34d33b683a2b512489eb6f2bb,true,mc textures\HAS ALPHA\bp_remade\no_mip_fixes\ui,false,true,5,remarci_4x,false,0,false,false
00a0009b,94273cd13481a238d3c39aefe4d6168f40459535,bb55386dd012534a7552518b6edd835d99a7c129,true,mc textures\HAS ALPHA\bp_remade\no_mip_fixes\ui,false,true,5,remarci_4x,false,0,false,false
00a07821,14fe65d87077f22353180faa227c14f998432d66,fea38c271c58e3d3fad7fd167d5ea4ad1ee3afee,true,mc textures\HAS ALPHA\bp_remade\no_mip_fixes\ui,false,true,5,remarci_4x,false,0,false,false
00a0e2e2,61881a5d1376b402a67c08ace0a506f3580b2ed7,8386785c188b4dc379bde9460876f103428dfaa1,true,mc textures\HAS ALPHA\bp_remade\no_mip_fixes\ui,false,true,5,remarci_4x,false,0,false,false
00a1435d,fc904c1b2846a87f244887a65cabe944da3d41f9,0140ee0c68d5b417a83dd7c64ae4ca06c57b7877,true,mc textures\HAS ALPHA\bp_remade\no_mip_fixes\ui,false,true,5,remarci_4x,false,0,false,false
00a14361,88c7f517ff246f310cae175b227372d01a7a0f74,3e9848bb8e2c8729b25af11b957edecbed86d754,true,mc textures\HAS ALPHA\bp_remade\no_mip_fixes\ui,false,true,5,remarci_4x,false,0,false,false
00a14365,4e2e7f243144af37ba4516d8921763b88b142d0d,ffaef8d46ef00d6d4243f7632e202802ea657031,true,mc textures\HAS ALPHA\bp_remade\no_mip_fixes\ui,false,true,5,remarci_4x,false,0,false,false
00a14369,56ec66660977fb4e612de77d42462f6de97a8b83,4b882417e0532e453d4df26f74ad7eb7f5573464,true,mc textures\HAS ALPHA\bp_remade\no_mip_fixes\ui,false,true,5,remarci_4x,false,0,false,false
00a18c64,64c4eafaa5937b888c8e25067bb0cadf4093cf4c,5767094538bb12716f4718645df3946c56f44135,true,ps2 textures\HAS ALPHA\no_mip_fixes\ui,false,true,5,remarci_4x,false,0,false,false
00a1aa88,df8289ffc018bfd744eb033a12faf2ea31eff18c,371a2666e7361131d4f02d5c75df727e2fe74eae,true,mc textures\HAS ALPHA\bp_remade\no_mip_fixes\ui,false,true,5,remarci_4x,false,0,false,false
00a1adce,5e28746dda9d150179fb2925f11c333f49874bdc,f5da6770e5ed52585e92d4866cef1147824afce7,true,mc textures\HAS ALPHA\bp_remade\no_mip_fixes\ui,false,true,5,remarci_4x,false,0,false,false
00a1ae7c,4ac39f6b8593f3c7d1e7519dbdfc67d92d62d634,e396e3e36ec99290a4e71805108f9f70593ae291,true,mc textures\HAS ALPHA\bp_remade\no_mip_fixes\ui,false,true,5,remarci_4x,false,0,false,false
00a1f410,8d9ea302491167b65af75fa0f31f3e4d19fe3f21,bb6a0956b2332295cb156a7fc24a021b4068347e,true,mc textures\HAS ALPHA\bp_remade\no_mip_fixes\ui,false,true,5,remarci_4x,false,0,false,false
00a20e08,d9f3f76f415a029c547137219606ccb3dfbd966f,47e3120fac27ca9166695390cd563802a5345ead,true,mc textures\HAS ALPHA\bp_remade\no_mip_fixes\ui,false,true,5,remarci_4x,false,0,false,false
00a2436a,56e4ea422781b55423eb62226e512bfb0e2fc5e8,8193b520ae44951df0ecebb5301d4342e02fc16d,true,ps2 textures\OPAQUE\same sha1\no_mip_fixes\ui,true,true,5,remarci_4x,false,0,false,false
00a2437a,ddd28d6a87512e13b46ebced9b234547412fd19d,27ab0141f28c2184fbd8de0026bde2ce90828ce5,true,mc textures\OPAQUE\bp_remade\no_mip_fixes\ui,true,true,5,remarci_4x,false,0,false,false
00a2aa3e.img,627940b6d54c5603d85cc04f8f93b104aabdd3be,e03c856e411aa416ddcee723a8a2539ac4b7ff36,true,mc textures\HAS ALPHA\bp_remade\no_mip_fixes\ui,false,true,5,remarci_4x,false,0,false,false
00a2be98,07bb8094861256c4584631d75757271702ffdb66,4b12591a8f603aaf25a970888be3049b74b5aa96,true,mc textures\HAS ALPHA\bp_remade\no_mip_fixes\ui,false,true,5,remarci_4x,false,0,false,false
00a2c2b6,9282619ef6a2280934559ccb4f203a8a639fe565,ada389dc3bb9549fbda32c99411c6d164407a33b,true,mc textures\HAS ALPHA\bp_remade\no_mip_fixes\ui,false,true,5,remarci_4x,false,0,false,false
00a3363b,91f8a3b551f26272770b42d7fe67ed1533a188ad,a9040f6e53d46607497415f4aa996610413f0a62,true,mc textures\OPAQUE\bp_remade\no_mip_fixes\ui,true,true,5,remarci_4x,false,0,false,false
00a3966f,d9b924d60995db21825d73085bfede2c938bd617,39fec64ae225d11dc246b60d1d2c3818c4704c76,true,mc textures\OPAQUE\bp_remade\no_mip_fixes\ui,true,true,5,remarci_4x,false,0,false,false
00a3a885.img,64dfeec26c7fcb9aee468b098bed754225669b86,519082eab9be21ffdf1450562d5822bf45b50888,true,mc textures\HAS ALPHA\bp_remade\no_mip_fixes\ui,false,true,5,remarci_4x,false,0,false,false
00a3be99,3561d420326c142542556c80addf5f90075c2b24,8b756a6231193b804282cc781ce8cb49592836a8,true,mc textures\HAS ALPHA\bp_remade\no_mip_fixes\ui,false,true,5,remarci_4x,false,0,false,false
00a4aedb.img,0133ea4d085575e5b0ba89dbae7fd5ed043c36b3,d88914a33493665c71d900fbbb0ca0416235b1b6,true,mc textures\HAS ALPHA\bp_remade\no_mip_fixes\ui,false,true,5,remarci_4x,false,0,false,false
00a54397,ded97209fd6de4542e46d4c9c0d527a89fdfeffb,eeb0ba8ce299c1da2cfb62c7791a06523e99314b,true,mc textures\OPAQUE\bp_remade\no_mip_fixes\ui,true,true,5,remarci_4x,false,0,false,false
00a56fe2,f24ca144af0d68b40c1e87ac87a10a3e1bb890de,321f00fbc6caed5043c33c92dd3b9f6a298a855c,true,mc textures\HAS ALPHA\bp_remade\no_mip_fixes\ui,false,true,5,remarci_4x,false,0,false,false
00a5c857,c9e40b80bdc651ba47aadcc50fb17c957014dacb,988381c4dba232c959a30e43c930938b0a0d6ae2,true,mc textures\OPAQUE\bp_remade\no_mip_fixes\ui,true,true,5,remarci_4x,false,0,false,false
00a5ced2,7f71f1609c47923944f1ab4b4d2996c5bf4a78ea,3fe0db31179f79d47605652c63d09670a9c513e9,true,ps2 textures\HAS ALPHA\same sha1\no_mip_fixes\ui,false,true,5,remarci_4x_extra_smooth,false,0,false,false
00a6966f,d9d5760a43e879872d16b845a9e25b9757eabbcc,e20b9b24e8ec02264118b2bfdfcbbff18634fe46,true,mc textures\OPAQUE\bp_remade\no_mip_fixes\ui,true,true,5,remarci_4x,false,0,false,false
00a6d9ed,15c4b93f2bc6f98f0f5de33dc843164a8ce6fad0,09fece3d08a25399a2e401d7c9a8df2e7b85976f,true,mc textures\HAS ALPHA\bp_remade\no_mip_fixes\ui,false,true,5,remarci_4x,false,0,false,false
00a7962b,48badce25c5a3ad2513e77ae63e67cacd046baa8,ef85e7d8512024f8d00f7f11b732d3b52563ee05,true,mc textures\OPAQUE\bp_remade\no_mip_fixes\ui,true,true,5,remarci_4x,false,0,false,false
00a7e822,4f09902a5ea4afce44262c60ab96d6ccadb736af,66befdf3560ea43a3941fa4b7dd9dcff8b310f61,true,mc textures\HAS ALPHA\bp_remade\no_mip_fixes\ui,false,true,5,remarci_4x,false,0,false,false
00a7ed04,f58508e90d42782ee6f09a09808f1ba3479ef09e,c0a31154e87d595767509d8ca0666a8d6b1409e3,true,mc textures\OPAQUE\bp_remade\no_mip_fixes\ui,true,true,5,remarci_4x,false,0,false,false
00a8ea0c,2b84bbdbcb724679bc542c707c82a9f346125c52,eaf4e81487ef82013b33e7ff4d1ad049e68c95ee,true,mc textures\HAS ALPHA\bp_remade\no_mip_fixes\ui,false,true,5,remarci_4x,false,0,false,false
00a92894,d7f2c0397f5ba80cd4e96bdbe8d158b7d34c288b,f5a7296c848f148a861030105f3ab808b191c407,true,mc textures\OPAQUE\bp_remade\no_mip_fixes\ui,true,true,5,remarci_4x,false,0,false,false
00a94f5e,7ce2d80ecf2076d4d775705731fce1c5f76e39bc,e43bd4eb77a1495527ed3dc6ba70b5eab61306dd,true,mc textures\HAS ALPHA\bp_remade\no_mip_fixes\ui,false,true,5,remarci_4x,false,0,false,false
00a94f5e_f6cff5cddca8988f1ba264b290df94fe,f46dc6e147404ababb9fc9c908199821cc0a9d1f,af021776b2e3b4b0eea01c519cf49136b0af414e,true,mc textures\HAS ALPHA\bp_remade\no_mip_fixes\ui,false,true,5,remarci_4x,false,0,false,false
00a9962e,2404e42b565a8ee4fec87de556deb434386adfc2,979da2a23f35ba6075d20dc00f7876a63c16fd5f,true,mc textures\OPAQUE\bp_remade\no_mip_fixes\ui,true,true,5,remarci_4x,false,0,false,false
00aa0f17,49aa269b1b87235bace7569988e77323c57637c8,5484f36e93e0999917baf898a573732217a2079a,true,mc textures\HAS ALPHA\bp_remade\no_mip_fixes\ui,false,true,5,remarci_4x,false,0,false,false
00aaaff3,f2d71aee1488e4f291d8524f21d26ec2d8f62f5d,01ad1da4d5d97df1b50c2ab688a778a9f70fca55,true,mc textures\HAS ALPHA\bp_remade\no_mip_fixes\ui,false,true,5,remarci_4x,false,0,false,false
00ab0f17,e1a8ea58d0f718639151e2b9dcbe1acf5cc30afe,f3672ce239ced0bf76dfd24be64a00bb33667bfc,true,mc textures\HAS ALPHA\bp_remade\no_mip_fixes\ui,false,true,5,remarci_4x,false,0,false,false
00ab26db,213b199ee805feb72c67e64d413fab9af015eee6,72a844a9c7a341a7b606e4e6d6363af44fde9a09,true,mc textures\HAS ALPHA\bp_remade\no_mip_fixes\ui,false,true,5,remarci_4x,false,0,false,false
00ab7f02,3f76e4d64ed49d38654044d2871e77608978e507,63e1abae61706a049a43ee8c5308d66f226a7b94,true,mc textures\HAS ALPHA\bp_remade\no_mip_fixes\ui,false,true,5,remarci_4x,false,0,false,false
00ac0f17,8cffef32f12261766261466ae796786ac109c00f,ce5fb7a5b68fe0e8ed93f4f77cbb9a06cd643f2d,true,mc textures\HAS ALPHA\bp_remade\no_mip_fixes\ui,false,true,5,remarci_4x,false,0,false,false
00ac298f,c4d549d1e6b655c64afc5ec89905598719ae3ac8,4dcc362031f49235b47ad25f7800fb549a174d81,true,mc textures\OPAQUE\bp_remade\no_mip_fixes\ui,true,true,5,remarci_4x,false,0,false,false
00ac362b,be9bc8eefb9f88344d5ab0fe6648b91b65c2dd60,227ce16728d6ca23c8ff1a29b8935f68d7c80ef7,true,mc textures\OPAQUE\bp_remade\no_mip_fixes\ui,true,true,5,remarci_4x,false,0,false,false
00ac363f,ffc97454b02ff2a5172c88230b17efbc573181ed,4bdd818ccb1f4b5cfb6e452189b7c3740ade5618,true,mc textures\OPAQUE\bp_remade\no_mip_fixes\ui,true,true,5,remarci_4x,false,0,false,false
00ac966f,e064ca39dede386c16b7f2ab3189f7b0d3fc0a8b,4bb07267a2e610b70a25dcd2286ec9ec373e609f,true,mc textures\OPAQUE\bp_remade\no_mip_fixes\ui,true,true,5,remarci_4x,false,0,false,false
00accd51,34d7441819eebe8dd1fc9a21e8d855d2e554948c,e4d02dc24032287149e68e597837076dda668fd2,true,mc textures\OPAQUE\bp_remade\no_mip_fixes\ui,true,true,5,remarci_4x,false,0,false,false
00accd52,ed8bd0aec387f08e2af29cf55bad05e2f05c1676,8861031b94e714e30d783e1008b1de51133a4f0e,true,mc textures\OPAQUE\bp_remade\no_mip_fixes\ui,true,true,5,remarci_4x,false,0,false,false
00accd53,37eeaca426f3f03c51c519daeeb7d7db1bc373ff,a2775d8967961be738020072e188d3d14f4deb0a,true,mc textures\OPAQUE\bp_remade\no_mip_fixes\ui,true,true,5,remarci_4x,false,0,false,false
00accd54,e5c45a0f03274bf63c3b0f94b3544a382c28f4fc,22be605af5da6f2d3b6b372fda94fcf9a5fdb3ac,true,mc textures\OPAQUE\bp_remade\no_mip_fixes\ui,true,true,5,remarci_4x,false,0,false,false
00accd55,f65924a33a0773e9ed33a27ed602fdfa4fbea523,890b8b5dd5b907ce020e259b2c3abe8ce0055f0a,true,mc textures\OPAQUE\bp_remade\no_mip_fixes\ui,true,true,5,remarci_4x,false,0,false,false
00accd56,ef3dc64aa6aae2965b1ab8210250d19b7325c2b7,6b7bd0a6078b8259fc13ee7a30cccd29f0848156,true,mc textures\OPAQUE\bp_remade\no_mip_fixes\ui,true,true,5,remarci_4x,false,0,false,false
00accd57,9d93413c2e94a7f78c66a5d70d54946bc2128302,5ec34c044c7a0b6b8db8abe20aa657bf09e7df2c,true,mc textures\OPAQUE\bp_remade\no_mip_fixes\ui,true,true,5,remarci_4x,false,0,false,false
00accd58,5afa3adb1d10f2b350b854d2a4b1211037ddb3c0,8d51d36eda80d7fa905b75b4f2152a049ad5c6ec,true,mc textures\OPAQUE\bp_remade\no_mip_fixes\ui,true,true,5,remarci_4x,false,0,false,false
00accd59,cf68f3aa53dde522df6a09e606c99c889203be27,1641e5710a7eddb7fdc90a646c63684387904711,true,mc textures\OPAQUE\bp_remade\no_mip_fixes\ui,true,true,5,remarci_4x,false,0,false,false
00accd70,89cc91f5b2660ba09db1fc3efc39aebe277f62dc,bfbea2ce84f774891fc11f270e0ebd1cc2c0a87f,true,mc textures\OPAQUE\bp_remade\no_mip_fixes\ui,true,true,5,remarci_4x,false,0,false,false
00accd71,35079f2d0cd0718854cd8bd6ac219b2006b3e23b,ea3fd1fe6f34c86245f0aa639e89ee887bba0d9d,true,mc textures\OPAQUE\bp_remade\no_mip_fixes\ui,true,true,5,remarci_4x,false,0,false,false
00accd72,f1c6d1d41946b54ef10ada86c41193b03c5e03d5,71dcad1fc730375bc9fad32a3cce5506a1398796,true,mc textures\OPAQUE\bp_remade\no_mip_fixes\ui,true,true,5,remarci_4x,false,0,false,false
00accd73,3b0ade210a9f816a6f71927ebf69cdeb6c4f9514,01e8c647c8758d0a70da53f9e8c3cdc94415f234,true,mc textures\OPAQUE\bp_remade\no_mip_fixes\ui,true,true,5,remarci_4x,false,0,false,false
00accd74,40d464e4b840a8b11dd0bca15dfcda2a2cdda638,4d96ecc02ebd373232a0ec7299acfa5d9ab6a33f,true,mc textures\OPAQUE\bp_remade\no_mip_fixes\ui,true,true,5,remarci_4x,false,0,false,false
00accd75,6060f95bb57265b3586a6ace54fae69480a13a00,a8f21421042bc2e61aaebb449309a1422f1c9752,true,mc textures\OPAQUE\bp_remade\no_mip_fixes\ui,true,true,5,remarci_4x,false,0,false,false
00accd76,ade44b6b80f2ab85a36b195f98646aeeeab77456,8478db912c64960427938b80ea0c0cfd8d52c8ca,true,mc textures\OPAQUE\bp_remade\no_mip_fixes\ui,true,true,5,remarci_4x,false,0,false,false
00accd77,d1c24e3138e50e8506eb873772616156246996ad,c9b1adeba96b10fe57ef997b3eb9afff441ad854,true,mc textures\OPAQUE\bp_remade\no_mip_fixes\ui,true,true,5,remarci_4x,false,0,false,false
00acdea9.img,222ac17f6b1995c81d9e2d5a1a4a1c56099c11e1,da9a8ae447c4705f2603bb07b8d7523b6cf774e9,true,mc textures\HAS ALPHA\bp_remade\no_mip_fixes\ui,false,true,5,remarci_4x,false,0,false,false
00ad0f17,45910b428e3183116c1da2994a3732ff595e2cbf,acd302f874733666bdcd5fcf7f6a871d75fc8c74,true,mc textures\HAS ALPHA\bp_remade\no_mip_fixes\ui,false,true,5,remarci_4x,false,0,false,false
00ad439e,1c67cc7130eb7e4cd680d01a4bfe3dbfecb06343,add74ac0830ccd3364efae59657d478c469e8cac,true,mc textures\OPAQUE\bp_remade\no_mip_fixes\ui,true,true,5,remarci_4x,false,0,false,false
00ad7f16,1bbfdc786570a930f704e669c22f41fdc6ec9f9b,f6e9b65c529790b02dfbf6493edd5776b36cd565,true,mc textures\HAS ALPHA\bp_remade\no_mip_fixes\ui,false,true,5,remarci_4x,false,0,false,false
00ae0f17,b9b025c2fdc8554f16894daee86af614db557b84,4bbf5372a1ec5fec78b354716aff453d3e8d0f3e,true,mc textures\HAS ALPHA\bp_remade\no_mip_fixes\ui,false,true,5,remarci_4x,false,0,false,false
00ae2938,a69621f59f0f6d465530213590d184a569dc78a1,1933f2382adea3ad1677efe8c9e50724095fbdfe,true,ps2 textures\HAS ALPHA\no_mip_fixes\ui,false,true,5,remarci_4x,false,0,false,false
00ae4f05,eac4345d4c826878472282513250eab4a328cc73,f113b28df1347bde6520d64eda51afd170a402a4,true,mc textures\OPAQUE\bp_remade\no_mip_fixes\ui,true,true,5,remarci_4x,false,0,false,false
00ae69df,d8d11e88ab7f9af19987d9079dbb3a0f99c84320,66967fd166327ff72c62a28de6bec9e7902f8c70,true,mc textures\HAS ALPHA\bp_remade\no_mip_fixes\ui,false,true,5,remarci_4x,false,0,false,false
00ae7f16,7df7d46f5f1860ce05b5f84e58fa00fd03baab4e,fd20719ab94728d7c63e5ab76708b6897f21d4e8,true,mc textures\HAS ALPHA\bp_remade\no_mip_fixes\ui,false,true,5,remarci_4x,false,0,false,false
00af0f17,6c997456bfd75285a4f43e139cbc7d4134044b70,5845194a6ec6a6e01e272b007e1f0083b55e13b9,true,mc textures\HAS ALPHA\bp_remade\no_mip_fixes\ui,false,true,5,remarci_4x,false,0,false,false
00af7f16,4dee61faa42a942c3bddfbdb18414f78fd63b4f5,74eacd3d1e9002e387b5011310ddde6341909f98,true,mc textures\HAS ALPHA\bp_remade\no_mip_fixes\ui,false,true,5,remarci_4x,false,0,false,false
00afa380,a15b7f8eba6e975bccda407e3943544a433228ce,5729bfc5891927725a842db76508d9f1854f0d92,true,mc textures\HAS ALPHA\bp_remade\no_mip_fixes\ui,false,true,5,remarci_4x,false,0,false,false
00afe4b4,747bd8402dadb45454e7dad560781c851246f4d9,d5e3aa5ff91230b2f5a3b2948327ee2c3bee1701,true,mc textures\HAS ALPHA\bp_remade\no_mip_fixes\ui,false,true,5,remarci_4x,false,0,false,false
00b00f17,f9a09581c052c3ff6e866b35a247f41aaf221b21,3bad1fe6385c283baabdc63155cc5900ecb4f356,true,mc textures\HAS ALPHA\bp_remade\no_mip_fixes\ui,false,true,5,remarci_4x,false,0,false,false
00b07f16,8ed6ab71d5394db30ec98c8fe38408292296ba6a,5dfd36029177a240a453cb61e8e20906099e5f02,true,mc textures\HAS ALPHA\bp_remade\no_mip_fixes\ui,false,true,5,remarci_4x,false,0,false,false
00b0c1e3,9d46d980b630b60efdbbe6b862f9247c3abf3a17,ec85a162d04a9cd89d201911a18835fc7f0b97a5,true,mc textures\HAS ALPHA\bp_remade\no_mip_fixes\ui,false,true,5,remarci_4x,false,0,false,false
00b10f17,78c14f17192329b6136c83067b33420083ddab01,4559ade73ed874f0fcc558b587c66ff2dbf1843e,true,mc textures\HAS ALPHA\bp_remade\no_mip_fixes\ui,false,true,5,remarci_4x,false,0,false,false
00b14bb4,6d778bcd56a267656925eb35f7dc872ad3b00076,9032be7205b2f0e9075cfda45e37c03da6584f60,true,mc textures\HAS ALPHA\bp_remade\no_mip_fixes\ui,false,true,5,remarci_4x,false,0,false,false
00b17f16,e671aeb566af5a71764cec4587b786139b093068,9ad2e18e66cafa6376f67547070b6a6936296c59,true,mc textures\HAS ALPHA\bp_remade\no_mip_fixes\ui,false,true,5,remarci_4x,false,0,false,false
00b189a7,82bc9f85769f0fd2ed42804ba90c8ad797715682,dffc6a702f90fc7dedf57f17b5c5325bff3e3422,true,mc textures\OPAQUE\bp_remade\no_mip_fixes\ui,true,true,5,remarci_4x,false,0,false,false
00b1c671,55cfc230f0ffd247a07066d94f169792fa7deb58,b7301cada643ce5c8606085243529ef9d74ae4bf,true,mc textures\HAS ALPHA\bp_remade\no_mip_fixes\ui,false,true,5,remarci_4x,false,0,false,false
00b1e5e1,aada5baf169eb3ba6528d8b00e7a8dab1377cbe7,13944a392c6ce278b2155bf0b1b3aed5db9a2255,true,mc textures\HAS ALPHA\bp_remade\no_mip_fixes\ui,false,true,5,remarci_4x,false,0,false,false
00b20f17,498447c306859ad56d2a0f02604f9080dbe729e8,18eeecc78651a504ca650e7d0631b602e3af9f9b,true,mc textures\HAS ALPHA\bp_remade\no_mip_fixes\ui,false,true,5,remarci_4x,false,0,false,false
00b24dfd,39721200c207005bdeaf0cabe466488019d6b3b0,ef78eb6373221e43fd2ac726bd5a7c03a4fa7f82,true,mc textures\HAS ALPHA\bp_remade\no_mip_fixes\ui,false,true,5,remarci_4x,false,0,false,false
00b26c2e,ade1930f752d806c2664597ab652c7f5e5ad6bd9,e7c017393bc5eca647079a4dba297e7c869d46e0,true,mc textures\HAS ALPHA\bp_remade\no_mip_fixes\ui,false,true,5,remarci_4x,false,0,false,false
00b27f16,e1bc73359e522541bedac53cc07bc4585bed45e0,f276faad640b0c69f3e0df05f9e931c6d46ba39c,true,mc textures\HAS ALPHA\bp_remade\no_mip_fixes\ui,false,true,5,remarci_4x,false,0,false,false
00b2cd6e,bf6caf5c79d898df1aa2a632324640adfa0af60a,b5c217567429f7bfb93d92f02cde876c07aa2e45,true,mc textures\HAS ALPHA\bp_remade\no_mip_fixes\ui,false,true,5,remarci_4x,false,0,false,false
00b37f16,e3b463b63abbe6aa0912d7005b71fedef4ea75eb,7937cbca1249a9efaeb39918fc1c68ade0a089d9,true,mc textures\HAS ALPHA\bp_remade\no_mip_fixes\ui,false,true,5,remarci_4x,false,0,false,false
00b38bf0,f6ecb24863e103ac5b223dd887b9f2c0a25cbbcf,5ec20b610cb35d924f0b12f27422fabfccb96ebc,true,mc textures\HAS ALPHA\bp_remade\no_mip_fixes\ui,false,true,5,remarci_4x,false,0,false,false
00b39ba8,3921436d3992e5bf415f35e5c29d6802956c1b39,439e78dd9517b609bdc421980edf119ec572b29e,true,mc textures\HAS ALPHA\bp_remade\no_mip_fixes\ui,false,true,5,remarci_4x,false,0,false,false
00b3cf98,706bc4663476d4d87ffac7512c838baf7888b874,a4c032011f8faf1ca9db523153772d9e3aa6c70a,true,mc textures\HAS ALPHA\bp_remade\no_mip_fixes\ui,false,true,5,remarci_4x,false,0,false,false
00b42f82,799707050db124fe4d11d8ba3cd9c4108b56d6e9,555000ce26d5b4c03201c18f11edfeb19c765867,true,mc textures\HAS ALPHA\bp_remade\no_mip_fixes\ui,false,true,5,remarci_4x,false,0,false,false
00b47f16,42843b2c31028e81b39ba5815914967082538741,0819ccc9c14c4a010be4091cf3766b9862c848f7,true,mc textures\HAS ALPHA\bp_remade\no_mip_fixes\ui,false,true,5,remarci_4x,false,0,false,false
00b54e27,15a102a858828b33a8fe7a55379485e6ebd2d274,1da715e7b3f89a3f8d4a3e13cbfaee0abe137c92,true,mc textures\HAS ALPHA\bp_remade\no_mip_fixes\ui,false,true,5,remarci_4x,false,0,false,false
00b54e2a,12cc04717565e7b1dba1b210a5f333cf97705ab1,b94767331a4733e76ec6247d8c36430c83dfa649,true,mc textures\HAS ALPHA\bp_remade\no_mip_fixes\ui,false,true,5,remarci_4x,false,0,false,false
00b54e2b,233f0595a80e04bb3549ec97f29028e02b6207da,2e808253e5df3a6ff0ac9507d7cfb817c3cd0886,true,mc textures\HAS ALPHA\bp_remade\no_mip_fixes\ui,false,true,5,remarci_4x,false,0,false,false
00b54e2f,6a4acbbb949e6b730154a8272e92b8f0bdf3494f,7e0a8f0dde2c2731e010d2451923eab00439934a,true,mc textures\HAS ALPHA\bp_remade\no_mip_fixes\ui,false,true,5,remarci_4x,false,0,false,false
00b54e32,7f2c030b46ac76af7215f1c382316674e47e1f5f,0d416b0521bbf5c42f752610a0aec56fb507faf0,true,mc textures\HAS ALPHA\bp_remade\no_mip_fixes\ui,false,true,5,remarci_4x,false,0,false,false
00b55e99,8ce26ddb39df1ec513c0ed7be44f8ac0ca753d5e,2a71fbdb323225343438a47f19d1cef60a467019,true,mc textures\HAS ALPHA\bp_remade\no_mip_fixes\ui,false,true,5,remarci_4x,false,0,false,false
00b57f16,7428369c2c25141dfbdc9e0f05eda861ab886a43,c6e2f28a9c29463f06985b67451c314661684802,true,mc textures\HAS ALPHA\bp_remade\no_mip_fixes\ui,false,true,5,remarci_4x,false,0,false,false
00b584ee,57f78bfec6b3b377c0f87059fb6a381e38e34ed0,9a579bdff4696f383e8358ecd4b639222f6a19e2,true,mc textures\HAS ALPHA\bp_remade\no_mip_fixes\ui,false,true,5,remarci_4x,false,0,false,false
00b59496,cafc7816ee38f9af9046f43a88f4a1b5634fcd49,a379aeee09c44b7d80b81d22fbd414c57a1203a8,true,mc textures\HAS ALPHA\bp_remade\no_mip_fixes\ui,false,true,5,remarci_4x,false,0,false,false
00b60ec2,3132c438248fa9835291cd91ccde96975dea40dc,630135cad7efcf04afa8518fab1f3e33c317c2f8,true,mc textures\HAS ALPHA\bp_remade\no_mip_fixes\ui,false,true,5,remarci_4x,false,0,false,false
00b72ecd,23e426a7d2c44f7d3b10e0390e3aa14c9f4a3d83,26a8a475ba786c8dcbfc62f033ca49730deae456,true,ps2 textures\HAS ALPHA\no_mip_fixes\ui,false,true,5,remarci_4x,false,0,false,false
00b72ecd_d1749c8ccf566f0fb26619f642d10fef,85d16a6f42f82f51c315b12d0f6991b273f4288e,95526a366773f6c269c9d07b7f1a78835b418384,true,mc textures\HAS ALPHA\bp_remade\no_mip_fixes\ui,false,true,5,remarci_4x,false,0,false,false
00b74807.img,f3f768718544708831a3cbe973b3e842f639e90f,5953049ce0c6b9190ee0a6f153e73837cfab2a30,true,mc textures\HAS ALPHA\bp_remade\no_mip_fixes\ui,false,true,5,remarci_4x,false,0,false,false
00b784ee,b9ea7b41cd79e8c57fd24b3e8a83cf1bb509a66b,41430bce1f47c6600c37f410154c597517ec7b9d,true,mc textures\HAS ALPHA\bp_remade\no_mip_fixes\ui,false,true,5,remarci_4x,false,0,false,false
00b7a65b,398d60c811023b6c94f4a59783a7dcb08839e70f,1dc13be980512ac230ca348173e56bff7929d9fe,true,ps2 textures\HAS ALPHA\no_mip_fixes\ui,false,true,5,remarci_4x,false,0,false,false
00b7cbc5,7cb01acdbbfa3f7f27b2a82d16c157b91f93e7b3,d15193ccc8605014433bc437caa92a6c4b1e34d5,true,ps2 textures\HAS ALPHA\same sha1\no_mip_fixes\ui,false,true,5,remarci_4x,false,0,false,false
00b84391,8d1a9383e377997a46d48c7730fc7804af783646,3c01bdf1f157052e47b2568e6bb4402c53eacf98,true,mc textures\OPAQUE\bp_remade\no_mip_fixes\ui,true,true,5,remarci_4x,false,0,false,false
00b98532,e67e4a7f48d90e17e1ad22b9d5f2eff1b35160bb,e18386e41b43660c949b03e34a41fde72cf4958a,true,ps2 textures\HAS ALPHA\manual\bp_remade\no_mip_fixes\ui,false,true,5,remarci_4x,false,0,false,false
00b9b4b3,67442cedb61201b547a04347c75bbf5fe8f50b4f,bd6b47f732cc4247a21c02bbb12646ba4ddc46af,true,mc textures\HAS ALPHA\bp_remade\no_mip_fixes\ui,false,true,5,remarci_4x,false,0,false,false
00b9d01b,0a07e2e17bfb8d4e29443348f1344b9a1489cb29,a16a8ad0da7c26f62f872a31a8299259d763fc60,true,mc textures\HAS ALPHA\bp_remade\no_mip_fixes\ui,false,true,5,remarci_4x,false,0,false,false
00b9e027,7424a223da0c97fe74c715e845a2018a7c343d2c,5b9194d431421911775e98e9ac2c388911dc01de,true,mc textures\HAS ALPHA\bp_remade\no_mip_fixes\ui,false,true,5,remarci_4x,false,0,false,false
00b9e02b,20106c225f87907d7ef769aea3241588531ae2be,2372f4360ae1b793aa75f81fc67017106d1b6c45,true,mc textures\HAS ALPHA\bp_remade\no_mip_fixes\ui,false,true,5,remarci_4x,false,0,false,false
00b9ed1b,ff90d5cad454a4719c8dec5203725434acf212d2,a2692fce31f949332b6528bbcab271b61ed4c658,true,ps2 textures\HAS ALPHA\no_mip_fixes\ui,false,true,5,remarci_4x,false,0,false,false
00ba022b,46ca104adec23bb63b7f8cd2b6a55b4c70a51545,57d5a7d7e7b172f7fcead1cabebbd55401f7d0f2,true,ps2 textures\HAS ALPHA\manual\bp_remade\no_mip_fixes\ui,false,true,5,remarci_4x,false,0,false,false
00ba6db6,86c4146ade6dc3d28352e17e67ab6f7c1a658a73,afff064ecded7fa0020a8eee970197a58f1430b8,true,mc textures\HAS ALPHA\bp_remade\no_mip_fixes\ui,false,true,5,remarci_4x,false,0,false,false
00ba7d6e,ff7560e6205b610aba24d7a6c763981857053727,c282b3a090f043f3fe0317ecfc83fa3f5c33179f,true,mc textures\HAS ALPHA\bp_remade\no_mip_fixes\ui,false,true,5,remarci_4x,false,0,false,false
00bac637,59290d60e55d1b5bb82304ccf5424620efd95983,e5cc896907868e981d680ee426a0999bf7e9fa20,true,mc textures\HAS ALPHA\bp_remade\no_mip_fixes\ui,false,true,5,remarci_4x,false,0,false,false
00bafb6e,cd06bc35286ed399d228c5069040d8b960ecc097,ccac0c4d8bbca5e601ae7befe64c6e3184dc1513,true,ps2 textures\HAS ALPHA\same sha1\no_mip_fixes\ui,false,true,5,remarci_4x,false,0,false,false
00bb35b1,9471055cfaaf7a64d8082304717ac1f15dd7e7c4,22e74cee80f2b8326c3dba0fa47a9e7b66c0868c,true,mc textures\HAS ALPHA\bp_remade\no_mip_fixes\ui,false,true,5,remarci_4x,false,0,false,false
00bbb0ad.img,51bc1bfb43d78c2267bd3cffe00776d8e6e81b44,108dcd6e779bb3b653e5ebc6fd0dfa0c3a8a4bbc,true,mc textures\HAS ALPHA\bp_remade\no_mip_fixes\ui,false,true,5,remarci_4x,false,0,false,false
00bcb491,72b206673038a47bc95b5d903e46a29bbba18d50,577452d07e27d88d83f45132f47d1a84c3245ddc,true,mc textures\HAS ALPHA\bp_remade\no_mip_fixes\ui,false,true,5,remarci_4x,false,0,false,false
00bcf5a9,dca861ab5de2d1fa65122c759121e35646228fc4,48e8aa0a98c464a65e1ef3e53c0f48c724c36a05,true,mc textures\HAS ALPHA\bp_remade\no_mip_fixes\ui,false,true,5,remarci_4x,false,0,false,false
00bd49ca.img,e5c70cb4123ecec560ae684e125c20332229e6a1,71a4547052657e2966ab822bb7c2ec952bc2e039,true,mc textures\HAS ALPHA\bp_remade\no_mip_fixes\ui,false,true,5,remarci_4x,false,0,false,false
00bd8f40,8ec8194254ff8eb6f8c41cfa1cd9d083326283d9,f2048dedf8ea5d4210cde2b6e7165a68576021e2,true,mc textures\HAS ALPHA\bp_remade\no_mip_fixes\ui,false,true,5,remarci_4x,false,0,false,false
00bd963d,428619b1d29e4febb4a05eb488d886145640cfc5,0bad704cce69af1bb08b5ed81a967d932e2ef742,true,mc textures\OPAQUE\bp_remade\no_mip_fixes\ui,true,true,5,remarci_4x,false,0,false,false
00bde245,38b6919277e3b58a9f5c6c214d2288a2669919d2,a89ba5977d15e50689520ed16c7fbefdfd075c7a,true,mc textures\HAS ALPHA\bp_remade\no_mip_fixes\ui,false,true,5,remarci_4x,false,0,false,false
00bea9d9,af2942a7514a64eea6245d0aac796d861da1c230,0d0ab1a954514cb6e18af91d844afbfc411bcdd9,true,mc textures\HAS ALPHA\bp_remade\no_mip_fixes\ui,false,true,5,remarci_4x,false,0,false,false
00bea9dd,6458d4d79b513044a037e114cf8c5be8870d7cc9,4af17ae1a6d72b2c3c3f05b2e1e272769647e141,true,mc textures\HAS ALPHA\bp_remade\no_mip_fixes\ui,false,true,5,remarci_4x,false,0,false,false
00bf1537,58851f6943b5d966e59d08b6b2ffb921c145fdde,81fb0bd618ba4672547519851da58d7681304c83,true,ps2 textures\HAS ALPHA\manual\bp_remade\no_mip_fixes\ui,false,true,5,remarci_4x,false,0,false,false
00bf308b,ef306f6d26a1eb42c89c58f3fa8d5a59e4b198bd,8a3e906026f6ecf9ff46ab7538295fc66d7657f5,true,mc textures\HAS ALPHA\bp_remade\no_mip_fixes\ui,false,true,5,remarci_4x,false,0,false,false
00bf3677,19c21559d95d134536c8fa5a104c88495c78b5cf,ff0634c2d11cb0de7f30cd1b788f466a67a0910c,true,mc textures\OPAQUE\bp_remade\no_mip_fixes\ui,true,true,5,remarci_4x,false,0,false,false
00bfa83f.img,19c70f074c04a442f318651c92c564ce090a8a11,80ff0482205f072bbb0a8e5604a40f0797894144,true,mc textures\HAS ALPHA\bp_remade\no_mip_fixes\ui,false,true,5,remarci_4x,false,0,false,false
00c06d6f,af1b8d1880d60b9cd449b72a9bfaf56797ae1039,d3be258e65a371bc8937ad722e87879d1bd23ce0,true,ps2 textures\HAS ALPHA\same sha1\no_mip_fixes\ui,false,true,5,remarci_4x_extra_smooth,false,0,false,false
00c0a83f.img,83dd72d52769e51dc021abb45602b39072f3a7d4,b4cd7c719fc7e55bf585f6fe01c9daa9dbc74e98,true,mc textures\HAS ALPHA\bp_remade\no_mip_fixes\ui,false,true,5,remarci_4x,false,0,false,false
00c0be86.img,c7fe4de9825e43af14b8e2514ccacc1e3f0e54dd,6db5d5167f69e627b0dd9b0810afd254a39c25ef,true,mc textures\HAS ALPHA\bp_remade\no_mip_fixes\ui,false,true,5,remarci_4x,false,0,false,false
00c1435d,4978097377668e22e4f9ca50baa30397533038a0,398ae9a290d910a4e60ddf4f041f906b7b2d60fc,true,mc textures\HAS ALPHA\bp_remade\no_mip_fixes\ui,false,true,5,remarci_4x,false,0,false,false
00c14361,e9bc1f880bfff1807218473a6f1c1b7dcb5f1561,b1a8a3bd1571a63e475203b78958fc608c6093ff,true,mc textures\HAS ALPHA\bp_remade\no_mip_fixes\ui,false,true,5,remarci_4x,false,0,false,false
00c14365,bbf9dafa64fbd82f48affcd87e32ec676e35f39e,09779f1fb183be5530d09acebd4c2e50595e572f,true,mc textures\HAS ALPHA\bp_remade\no_mip_fixes\ui,false,true,5,remarci_4x,false,0,false,false
00c14369,eab21781c12d159676f4ef42963638f9902b9c6e,2176aef35a1ef8eaa5082fd34c1e27aac55d7cb5,true,mc textures\HAS ALPHA\bp_remade\no_mip_fixes\ui,false,true,5,remarci_4x,false,0,false,false
00c19672,eba3011d794d23e0826762b57403422e9d0a48e3,a02e92ae5a7bd79b558f66910d6d9ed62667db58,true,mc textures\OPAQUE\bp_remade\no_mip_fixes\ui,true,true,5,remarci_4x,false,0,false,false
00c1a83f.img,1df3defbf3930e9bde0830f93112ba5f2e963322,9597aef4ca1e138c8a3403e6d075c6a3f93e6c5c,true,mc textures\HAS ALPHA\bp_remade\no_mip_fixes\ui,false,true,5,remarci_4x,false,0,false,false
00c265ba,b18cdb5d6b247c7b5489a9d308abf7b21a1c52fe,31b32e1953b7c81e3ce6e9e289ce689099aedbbc,true,mc textures\HAS ALPHA\bp_remade\no_mip_fixes\ui,false,true,5,remarci_4x,false,0,false,false
00c2986e,6bba5cb59b26248288cb60006f1614e5260eda30,f7c095ab9837ccd66ec57b1e71cc3aef8ed687ab,true,mc textures\HAS ALPHA\bp_remade\no_mip_fixes\ui,false,true,5,remarci_4x,false,0,false,false
00c29ded,d0d9973d55f0e67bacf1fe992867020396582b10,91584611b0baa2885ab2420925e8f8b2904c5a49,true,mc textures\HAS ALPHA\bp_remade\no_mip_fixes\ui,false,true,5,remarci_4x,false,0,false,false
00c29e1d,b6838f815f56a54d4ddf17bd082aa13846042fca,73279c319bb08dddb5ae8850d510ff46314d8db9,true,mc textures\HAS ALPHA\bp_remade\no_mip_fixes\ui,false,true,5,remarci_4x,false,0,false,false
00c29e25,02006d121ed610cc1e1d563f8352020a6ab43d28,b2a861beeed1d57c204cb77f8c0a0469a55f32e1,true,mc textures\HAS ALPHA\bp_remade\no_mip_fixes\ui,false,true,5,remarci_4x,false,0,false,false
00c29e29,3fe8edcd11f6523f29d318e84ac9fa00b43f6956,3cb7641fdc108aeb001c870a7b0bca63ced34760,true,mc textures\HAS ALPHA\bp_remade\no_mip_fixes\ui,false,true,5,remarci_4x,false,0,false,false
00c2a83f.img,924939ddd761714ff1dce9e1b42c492348d24e75,e7f1965236d54384714d57930f697ad6bf710c22,true,mc textures\HAS ALPHA\bp_remade\no_mip_fixes\ui,false,true,5,remarci_4x,false,0,false,false
00c36f59,17111f547c3e3828c64ef26da5957ede801bfd5d,b6075864177161823bf4961cd79243fe7b36c138,true,mc textures\HAS ALPHA\bp_remade\no_mip_fixes\ui,false,true,5,remarci_4x,false,0,false,false
00c37d79,460095fee295bd353b51eefca373068d72d0a5b3,eb61b9e9f60a7c38ddc60d505e7c1beba0ac69ac,true,mc textures\HAS ALPHA\bp_remade\no_mip_fixes\ui,false,true,5,remarci_4x,false,0,false,false
00c39669,c350abaeaf2a64b016d34f82719af896e58483ac,e4ae55de6a208c7ea53f25711e9ce0860c65cfa6,true,mc textures\OPAQUE\bp_remade\no_mip_fixes\ui,true,true,5,remarci_4x,false,0,false,false
00c4a381,ce8c8d0d3cd45848a2ac3e40d9bb58753ed6f713,806592433534db5112ef37abfb5e390e02d4b775,true,mc textures\HAS ALPHA\bp_remade\no_mip_fixes\ui,false,true,5,remarci_4x,false,0,false,false
00c60152,65ac31fa2244da5d09dc709750250999c6df9643,ef88d2b95b43ee9ab407e5a057d86a0909b37c59,true,mc textures\HAS ALPHA\bp_remade\no_mip_fixes\ui,false,true,5,remarci_4x,false,0,false,false
00c615d8,7c9d2acb09e85f2becc9690bcb7faaf1cba8a47c,437340750f0c18f728afc7f1b6a205b2482c5c44,true,ps2 textures\HAS ALPHA\manual\bp_remade\no_mip_fixes\ui,false,true,5,remarci_4x_extra_smooth,false,0,false,false
00c7f919,af7ffc2ad5e0abc3f9778ed879a5bdcfc873037c,2334c9df2b908c9195458ab8d3a06e2a5c7cca71,true,mc textures\HAS ALPHA\bp_remade\no_mip_fixes\ui,false,true,5,remarci_4x,false,0,false,false
00c85887,aa8a9b766c4009a096dc190f391d1d693a5235dd,efef309935721db641fc4dc62109ff1ad69fbef1,true,mc textures\HAS ALPHA\bp_remade\no_mip_fixes\ui,false,true,5,remarci_4x,false,0,false,false
00c8c0af,c6913a2c1358dac5fa78a05099b176a93250958e,3260ba116e5b50ed9f41c3ddfd5d10305060cb6d,true,ps2 textures\OPAQUE\manual\bp_remade\no_mip_fixes\ui,true,true,5,remarci_4x,false,0,false,false
00c92bba,523d9e699c5be5aa25448bedd10b531ab43df377,10eab0c032c26de6e7b9655b78ad75253546fc07,true,mc textures\HAS ALPHA\bp_remade\no_mip_fixes\ui,false,true,5,remarci_4x,false,0,false,false
00c93657,249f42ad75be17cab619792330d1d956e0785e52,cb2988c9f96daa038054fb8b02d101585058aa5f,true,mc textures\OPAQUE\bp_remade\no_mip_fixes\ui,true,true,5,remarci_4x,false,0,false,false
00c99d29,637e936de954bdb95f198cb6abb455c6faab8061,a1d44c6553af4de99895fe4070b5194f4cd8f9f7,true,mc textures\HAS ALPHA\bp_remade\no_mip_fixes\ui,false,true,5,remarci_4x,false,0,false,false
00c99d2d,688d2896e928c4ede6f842a76150fe5f4daeab7b,f2872e68448df27dc8fd21010890c1f8fb821db3,true,mc textures\HAS ALPHA\bp_remade\no_mip_fixes\ui,false,true,5,remarci_4x,false,0,false,false
00c99d31,cf85b57d80ed4d38780f11ca5ed5177401bd1443,08abdd2fb342ef6982fe601c7296944ff98aa26d,true,mc textures\HAS ALPHA\bp_remade\no_mip_fixes\ui,false,true,5,remarci_4x,false,0,false,false
00c99d35,d951f2ea6152e666ad15c2fa3c23cb6f5e943358,03a7d8c160ad353745f58d4fbaf9cf01ec143658,true,mc textures\HAS ALPHA\bp_remade\no_mip_fixes\ui,false,true,5,remarci_4x,false,0,false,false
00c99d39,0e84fa7e0f9244d24ae2630e96412d5529907bcc,42dbf56761d3183bdf0b75c50dd01f819cb63734,true,mc textures\HAS ALPHA\bp_remade\no_mip_fixes\ui,false,true,5,remarci_4x,false,0,false,false
00c99d3d,07b0e41a66b84d5fbcf929e04c466f2b029b142b,4bc378ecf908a7839bc10709f6781193f200583d,true,mc textures\HAS ALPHA\bp_remade\no_mip_fixes\ui,false,true,5,remarci_4x,false,0,false,false
00c99d41,800791a6b66d15d9fe4d1bdc8861d2160aa3fce1,c20ce0da5ffe6099979d6a17f79d94c9e5459c90,true,mc textures\HAS ALPHA\bp_remade\no_mip_fixes\ui,false,true,5,remarci_4x,false,0,false,false
00c99d4d,da8bc8f2dd219a762328789645821dcfe977a1de,c53473ff11eb3bdbb15b0d5882e827ad8efdda83,true,mc textures\HAS ALPHA\bp_remade\no_mip_fixes\ui,false,true,5,remarci_4x,false,0,false,false
00c99ded,b733d6764dfd6de2639ead41b62b8bfbf66c6846,d582c88548f67de13c91cd704a63bfe091834d11,true,mc textures\HAS ALPHA\bp_remade\no_mip_fixes\ui,false,true,5,remarci_4x,false,0,false,false
00c99df5,e182cf62f85e22f2768378865345839b7189198b,a865fd353582cc7f16f6fadb03f79f63a1ec35bc,true,mc textures\HAS ALPHA\bp_remade\no_mip_fixes\ui,false,true,5,remarci_4x,false,0,false,false
00c99dfd,719431a9b7733f822421fd867ed73e09331fa1f8,8ab017b6e1209b6ebf23da8ec30532283a6b4283,true,mc textures\HAS ALPHA\bp_remade\no_mip_fixes\ui,false,true,5,remarci_4x,false,0,false,false
00c99e05,4dfa697d2fc45be27e256881281ea522b69301f4,3d998e6041e3ba691c495090f725012c7bb8a3d4,true,mc textures\HAS ALPHA\bp_remade\no_mip_fixes\ui,false,true,5,remarci_4x,false,0,false,false
00c99e0d,b6b0be48a6316d088de4af4e96a59f62e24d2aa1,e445fb181a318ee18b7ade966caca93c97639fe0,true,mc textures\HAS ALPHA\bp_remade\no_mip_fixes\ui,false,true,5,remarci_4x,false,0,false,false
00c99e15,80304761b777bef1f061dd4310d5a8884a02a25c,f943ba145621db3800ca5e353be96044c90a0fee,true,mc textures\HAS ALPHA\bp_remade\no_mip_fixes\ui,false,true,5,remarci_4x,false,0,false,false
00c99e19,467bab8132b92eed132d6966f03ec509f9accd4a,11136d56bf0b2f7097fb84b89ac53ef3b777c36a,true,mc textures\HAS ALPHA\bp_remade\no_mip_fixes\ui,false,true,5,remarci_4x,false,0,false,false
00c99e21,cd0a02da167ad6a4b5ddecac28349f925ed3ec96,c48aced3cf2fe170fdf85b8d011073917f6a0964,true,mc textures\HAS ALPHA\bp_remade\no_mip_fixes\ui,false,true,5,remarci_4x,false,0,false,false
00c99e29,82028870e59f2a0ad4b4ae4e13e0112a1f7aa648,9bee5ecee0f93efc01d626b613cfdeec0d3d4b40,true,mc textures\HAS ALPHA\bp_remade\no_mip_fixes\ui,false,true,5,remarci_4x,false,0,false,false
00c99e31,c9e44835ff791e29b359d5ab410db5f5206d5265,e3bf439d61c3e3950228cf1a0e195e632ebf1c6c,true,mc textures\HAS ALPHA\bp_remade\no_mip_fixes\ui,false,true,5,remarci_4x,false,0,false,false
00c99e35,f8b72e8e2939bb1efc5580438be7971a5e10404b,a2e5e7feebbe0d2a7b9381caefbdd72bef639beb,true,mc textures\HAS ALPHA\bp_remade\no_mip_fixes\ui,false,true,5,remarci_4x,false,0,false,false
00c99e39,2133c5050763061f9e1be2d8b64d3b72c7011a13,413dae623de6c54f84702888b7646f5ee61d69ba,true,mc textures\HAS ALPHA\bp_remade\no_mip_fixes\ui,false,true,5,remarci_4x,false,0,false,false
00c99e3d,842367d13fd07f2e3d4e08868d9c3f819bcd9283,ac3d10fdd7f53efd7c9386cb7131064ea46aa653,true,mc textures\HAS ALPHA\bp_remade\no_mip_fixes\ui,false,true,5,remarci_4x,false,0,false,false
00c99e45,c6eed8c1cd6711c287990bdb690bcbec3752660a,f64db1a11b7e6dce709b6065e7a39fc806cae21a,true,mc textures\HAS ALPHA\bp_remade\no_mip_fixes\ui,false,true,5,remarci_4x,false,0,false,false
00c9ba49,bd3eb76c20d5718898e8c76df74723096e985c74,e1e3eef1ba58d1f720aa9e8eb95683237860ac93,true,ps2 textures\HAS ALPHA\same sha1\no_mip_fixes\ui,false,true,5,remarci_4x_extra_smooth,false,0,false,false
00ca1ad1.img,100c52e40b3ae3518135897c9fec1282ebc9ee1e,2a311ae476eb3f68ee45aeace2439d53602fbdcf,true,mc textures\HAS ALPHA\bp_remade\no_mip_fixes\ui,false,true,5,remarci_4x,false,0,false,false
00ca4367,9d14a2c850bb4699bc48464e2c453055e9e753ef,603fa27f28825e20bc886806d3c11c010188187d,true,mc textures\OPAQUE\bp_remade\no_mip_fixes\ui,true,true,5,remarci_4x,false,0,false,false
00ca8477,d7c51c51ca7f3ee22d53bce329c08079ae5b5b60,8198f5b3a52a692413c6689c8a67147d5ff7dcbe,true,mc textures\HAS ALPHA\bp_remade\no_mip_fixes\ui,false,true,5,remarci_4x,false,0,false,false
00caaff4,adb076a5a42001a76c6f3811217d2f327f2abf18,4d2830fe5e4daa58aea64b8219da61b6bde100e9,true,mc textures\HAS ALPHA\bp_remade\no_mip_fixes\ui,false,true,5,remarci_4x,false,0,false,false
00cabedc,7f8a3a949169d528a448537f87612eb3a1cd3f98,b40302d3b8d533f3b909f84cc2df4af50c209e9f,true,mc textures\HAS ALPHA\bp_remade\no_mip_fixes\ui,false,true,5,remarci_4x,false,0,false,false
00cb794b,095d9367ff3178d34611d0f28cec7897f5d59979,cbf6befbed86eba885c6e2718af942ede74e6cc4,true,ps2 textures\HAS ALPHA\same sha1\no_mip_fixes\ui,false,true,5,remarci_4x_extra_smooth,false,0,false,false
00cb96f1,84ad3f1b42c3219ae094bab61f1c2d02540d2fbb,3cf8b02bc10462260785ffc34f137dae79fa4e5a,true,mc textures\HAS ALPHA\bp_remade\no_mip_fixes\ui,false,true,5,remarci_4x,false,0,false,false
00cbaff4,fcd3dda281e2a6c2958ec3c89874e0d23b800b79,d86746dea069653d5be9400c3f3cdc18a0b1ea54,true,mc textures\HAS ALPHA\bp_remade\no_mip_fixes\ui,false,true,5,remarci_4x,false,0,false,false
00cbee11,e083438a79486679da62fe13fdb5adeedd6f9441,71b246a5a52e363b91667038f069e32ac234a4a8,true,mc textures\HAS ALPHA\bp_remade\no_mip_fixes\ui,false,true,5,remarci_4x,false,0,false,false
00cbee11_27d296ce65414177044e0f3611c12911,e37f9b9561f593debdef6f148c88e835d5e12b50,11c6a56aba37254adb76ae6ef56029dc6bf2fbd1,true,mc textures\HAS ALPHA\bp_remade\no_mip_fixes\ui,false,true,5,remarci_4x,false,0,false,false
00cbee11_58c763b0683aea3090309f6381b73880,8ede14ecf2e7035f9751d6b013baec97da6da020,ebf9403877b30f278c6035990feee2e4415817d3,true,mc textures\HAS ALPHA\bp_remade\no_mip_fixes\ui,false,true,5,remarci_4x,false,0,false,false
00cc6191,9dbd5cb2e7b022db4a22fc0163ee49c7d8e9d9b6,90b8c2705b80f1c040af57e5f422e8735c061b0a,true,mc textures\HAS ALPHA\bp_remade\no_mip_fixes\ui,false,true,5,remarci_4x,false,0,false,false
00cc963a,1eca08c4231454f37cd2118c297a7635eeb0fc26,f8c559c684aa091699e05d351fe59285f47ec3dd,true,mc textures\OPAQUE\bp_remade\no_mip_fixes\ui,true,true,5,remarci_4x,false,0,false,false
00ccc2b8,24d9dbb5fe050ec98fb63ae4de4097a02bc39acb,cc87d6f4b8d2247de68125fd4602f27a9e25e8b1,true,mc textures\HAS ALPHA\bp_remade\no_mip_fixes\ui,false,true,5,remarci_4x,false,0,false,false
00ce2c52,d0af706ba2899fc67d6e80946822416e21fc75eb,498de0b4a7654c63e8b0f8d065d2e059446088ed,true,mc textures\HAS ALPHA\bp_remade\no_mip_fixes\ui,false,true,5,remarci_4x,false,0,false,false
00ce967d,a020adda529435e33f236cf3c2c4c9d605a86f5c,4762a0f4d81c890368a57a5f2e77fa3f7d9f4ee5,true,mc textures\OPAQUE\bp_remade\no_mip_fixes\ui,true,true,5,remarci_4x,false,0,false,false
00cf966f,8a6f793543b78e518db7b596bd30dbc108559f58,a606922bab7b818a77f65e7f5a33425c53f42db7,true,mc textures\OPAQUE\bp_remade\no_mip_fixes\ui,true,true,5,remarci_4x,false,0,false,false
00d0c0bb,66b1f432e8d3b0dde6a923af20a6def40d65a8e1,d3b77fe86e1dc3d5b602bff544d7e3ef292f3595,true,mc textures\OPAQUE\bp_remade\no_mip_fixes\ui,true,true,5,remarci_4x,false,0,false,false
00d13ca9,567f5a78dfafca5fb1cd23cb663ea0bd55e588b2,b9ca25b3c19373174f0e954f61820a76e9a29584,true,mc textures\HAS ALPHA\bp_remade\no_mip_fixes\ui,false,true,5,remarci_4x,false,0,false,false
00d23e6d,de1793b46af6ff4d9cee21195e52752e482aa797,c2ce9d037537e9c78343c2160cdead1e5fcf96e7,true,ps2 textures\OPAQUE\same sha1\no_mip_fixes\ui,true,true,5,remarci_4x,false,0,false,false
00d2be51,479c26b5de11fc8a77e623ba1b3e7b9d69fb33cb,2e11cf9881272e381ca33e390482bdaa4426a8b8,true,ps2 textures\HAS ALPHA\manual\bp_remade\no_mip_fixes\ui,false,true,5,remarci_4x_extra_smooth,false,0,false,false
00d2ded2.img,3260f3dfbca5863db01934d40aca414c7ee40c87,753d61e9aa0cbe0337d3cbf6049abaa883cdfa69,true,mc textures\HAS ALPHA\bp_remade\no_mip_fixes\ui,false,true,5,remarci_4x,false,0,false,false
00d2e245,3894248cf3346e4d47554bbdefa91424c1596b06,28c82ae8794254a9f84bb2fb3acbeb30797028ab,true,mc textures\HAS ALPHA\bp_remade\no_mip_fixes\ui,false,true,5,remarci_4x,false,0,false,false
00d30dfe,958c268bdc1a3c436c53cd5da70166f277c42fa3,984b81c532617c78db03565a38237027cd5a854e,true,ps2 textures\HAS ALPHA\no_mip_fixes\ui,false,true,5,remarci_4x,false,0,false,false
00d31745.img,86e40ce3a26690d466d90a69723d8ab0e153b0e5,7bebee66359f587dde8698850343ae663b79298e,true,mc textures\HAS ALPHA\bp_remade\no_mip_fixes\ui,false,true,5,remarci_4x,false,0,false,false
00d44f16,479b1f73369aed11fdb17e720d91ff3165367ffd,c11c07b13bc84603953740558a03caf91286d2ce,true,mc textures\HAS ALPHA\bp_remade\no_mip_fixes\ui,false,true,5,remarci_4x,false,0,false,false
00d46476,ac0ba3a810184980dc82f111e8fa7b6b39b60d73,785399ef6fa44a2ee27e5110659d3a50a87d5a8e,true,mc textures\HAS ALPHA\bp_remade\no_mip_fixes\ui,false,true,5,remarci_4x,false,0,false,false
00d476d8.img,9e2dfb838c614f6ea7964d47e75e2e18e06c413e,887666ff42e19b34ec7409dfdb9b6189f95b441e,true,mc textures\HAS ALPHA\bp_remade\no_mip_fixes\ui,false,true,5,remarci_4x,false,0,false,false
00d54e27,b3ce6b8e42b40b5ed24fdbdbd271e5ec9c983973,5277d5d6883362eef8691dc7c922fba83ba8a29b,true,mc textures\HAS ALPHA\bp_remade\no_mip_fixes\ui,false,true,5,remarci_4x,false,0,false,false
00d54e2b,c7efc551e95bbb1f7bfb9178209995e4aac31e06,aabd5778395f2685a6fbff100a747e30236af1f0,true,mc textures\HAS ALPHA\bp_remade\no_mip_fixes\ui,false,true,5,remarci_4x,false,0,false,false
00d54e2e,2534c8cc2957b60f12f6ca1dee2ebc342a5de388,0bc9628e4dabd2f824c7072957b008ab72730b65,true,mc textures\HAS ALPHA\bp_remade\no_mip_fixes\ui,false,true,5,remarci_4x,false,0,false,false
00d54e2f,12dee04d82a9ed65a6e7f068aabbacd01da7c11b,b10edb6ae544fcd384c71b674b4c6e018d1d25ac,true,mc textures\HAS ALPHA\bp_remade\no_mip_fixes\ui,false,true,5,remarci_4x,false,0,false,false
00d54e32,8abb460042988fde3ff844d5edb410f9f7c7fa32,5ae4584fd1f4c7441baa1b1a9e863272642b9831,true,mc textures\HAS ALPHA\bp_remade\no_mip_fixes\ui,false,true,5,remarci_4x,false,0,false,false
00d54f16,451cac1375e3f5a9340e3485b4f22dcf3494d0e8,152f182ea56bd1c934cbe9881261e1f4312086e6,true,mc textures\HAS ALPHA\bp_remade\no_mip_fixes\ui,false,true,5,remarci_4x,false,0,false,false
00d5cd7d.img,bfbaec82635481c0f2edfef76ae698128e2aa4b1,6c16bad7f346d75fe8fda57de0d19952d7864321,true,mc textures\HAS ALPHA\bp_remade\no_mip_fixes\ui,false,true,5,remarci_4x,false,0,false,false
00d5def0.img,57df96c4e0cee60ac788474b44672466a29437c3,730d7d08aea57f680cdc6e2f3a21280aa9ee4af4,true,mc textures\HAS ALPHA\bp_remade\no_mip_fixes\ui,false,true,5,remarci_4x,false,0,false,false
00d64f16,04c48c42213b3e675da217fdc0d21f65da8542c7,016b9d92a05a61711e9f888ec1db83aacb9c3d6e,true,mc textures\HAS ALPHA\bp_remade\no_mip_fixes\ui,false,true,5,remarci_4x,false,0,false,false
00d6e19b,cb4cca432d8ec38a4ed0add4dfdfb9325fe2a2f3,3bf5caec48f9c024c7eae7b33b4be1a46196ae50,true,mc textures\HAS ALPHA\bp_remade\no_mip_fixes\ui,false,true,5,remarci_4x,false,0,false,false
00d6eac6.img,7ffd598697680b9eca2b27d01d0284ded50636dd,e494abe5ac249a5ebf293644c739a425e0010231,true,mc textures\HAS ALPHA\bp_remade\no_mip_fixes\ui,false,true,5,remarci_4x,false,0,false,false
00d74f16,255b847918bd2c814d5c589be38a3573927ef972,7ad7b8154487205130c7cbf7ab0635b33e4317d9,true,mc textures\HAS ALPHA\bp_remade\no_mip_fixes\ui,false,true,5,remarci_4x,false,0,false,false
00d7c479,a205d6600e4bbdd0288e8f8a3eb8392a8216e420,d36f9597f7b5107da2db309e580167ddd2185621,true,mc textures\HAS ALPHA\bp_remade\no_mip_fixes\ui,false,true,5,remarci_4x,false,0,false,false
00d7e6cc,bd3005f3899987050adb93d9b251967dae39a0dd,4e2bf53e16075896d2659744cc48b9bab127dbb0,true,mc textures\HAS ALPHA\bp_remade\no_mip_fixes\ui,false,true,5,remarci_4x,false,0,false,false
00d7fd75,82dcdaf97ae82c521e4e58cab380d2ffa911069b,4ff100fc2169d64217793792a238a3d34313b048,true,mc textures\HAS ALPHA\bp_remade\no_mip_fixes\ui,false,true,5,remarci_4x,false,0,false,false
00d81b4d,daf433204016e0aab775706e3e5fe1ffbdd9d197,fd3b177a19246517ddba603b2c53eb87ea42b259,true,ps2 textures\HAS ALPHA\same sha1\no_mip_fixes\ui,false,true,5,remarci_4x,false,0,false,false
00d843ae,38e707ba22a8cc0fe28209d53c4c636b29a6ad5d,788bde378d8d54b1631f8950371b21a0d66d6e4e,true,mc textures\OPAQUE\bp_remade\no_mip_fixes\ui,true,true,5,remarci_4x,false,0,false,false
00d84f16,0d9c6035068dc625f8265255f2d5f4452f58a235,cfe67193dd8a51f7ef8bb3ad168eb10044b1159c,true,mc textures\HAS ALPHA\bp_remade\no_mip_fixes\ui,false,true,5,remarci_4x,false,0,false,false
00d89049.img,6fb8db5bb22c3a3329c34326ebeaa31034918543,92e29a68036f07467e6982558ad593c2db28944c,true,mc textures\HAS ALPHA\bp_remade\no_mip_fixes\ui,false,true,5,remarci_4x,false,0,false,false
00d8a8b0,51893a34e38145d99a6277a46b7fd57170cd6ce9,3236896b7e7a35c0833c297c7e74e4f887b039dd,true,mc textures\HAS ALPHA\bp_remade\no_mip_fixes\ui,false,true,5,remarci_4x,false,0,false,false
00d93721,3f1583e6738911fc4bd5e1f9a0dd0bab9e4d8215,fe55a9f1f4e7496500ff79fb713a6653c71584db,true,mc textures\OPAQUE\bp_remade\no_mip_fixes\ui,true,true,5,remarci_4x,false,0,false,false
00d94f16,f4d355c50ef9518b7b565ba46091b6e568ee94c1,7cff12f91fc1f97091800186fdc83e16f73ec43c,true,mc textures\HAS ALPHA\bp_remade\no_mip_fixes\ui,false,true,5,remarci_4x,false,0,false,false
00d9fd74,3f86d01fc45f0b98c2eef82052e9846fd6bccb4c,ae46e742959819c8e907815eb6c77b6bb1a9e235,true,mc textures\OPAQUE\bp_remade\no_mip_fixes\ui,true,true,5,remarci_4x,false,0,false,false
00da3e27.img,b2bdf12d976fe2d6ddec74e6fdba535e7fc2a85d,9163ccb8da8f28041dafd6edeebccd361329a83a,true,mc textures\HAS ALPHA\bp_remade\no_mip_fixes\ui,false,true,5,remarci_4x,false,0,false,false
00da439d,eca50323165c734dfe9eb009abd7f0203c07c06e,c68a3e9de613aabdb922a408a83c866273cabcdf,true,mc textures\OPAQUE\bp_remade\no_mip_fixes\ui,true,true,5,remarci_4x,false,0,false,false
00da4f16,4d8ec6feadc850e34658dad880efd299b5766e1e,30e1e5d01c6d6ee256ea9f7dec2b79f3d1720920,true,mc textures\HAS ALPHA\bp_remade\no_mip_fixes\ui,false,true,5,remarci_4x,false,0,false,false
00da570c,7a466e2773ff3a67758b5f454f518a76a8a05bb6,4b4bcbdc48346e3937f262404f77d368b645d266,true,mc textures\HAS ALPHA\bp_remade\no_mip_fixes\ui,false,true,5,remarci_4x,false,0,false,false
00daf0be,6efa230100de63004829502d2fd5e5d85c01312e,c8bbd7ed579dbe306212c9a72bbe5208f525a4d9,true,mc textures\HAS ALPHA\bp_remade\no_mip_fixes\ui,false,true,5,remarci_4x,false,0,false,false
00db463c,6eb36f0629986d6c6d4a9ea38346efc5df9bf11a,4db91ce29be0e846ece20d6c0e5c49b61840bb90,true,mc textures\HAS ALPHA\bp_remade\no_mip_fixes\ui,false,true,5,remarci_4x,false,0,false,false
00db4f16,688f8a1342027311b038a62ae5496e5ced51a6cc,2faf01fe76b88f419f189626b80705ff4c23ebe9,true,mc textures\HAS ALPHA\bp_remade\no_mip_fixes\ui,false,true,5,remarci_4x,false,0,false,false
00dbc0b4,5b4dd20c00f78990c1d3fb779a4236489e0427bb,8b8fb1eb2d2fd3f1b86473cf3ad05b193dad8c3c,true,ps2 textures\HAS ALPHA\manual\bp_remade\no_mip_fixes\ui,false,true,5,remarci_4x,false,0,false,false
00dc4f16,93e428857fe1b5ba91dd31ad6294f7803142421f,e090ac0404c64b37bdad333409b9dc4be099e1c0,true,mc textures\HAS ALPHA\bp_remade\no_mip_fixes\ui,false,true,5,remarci_4x,false,0,false,false
00dd22e1,ab92f7dbc67ee313c1accd11d54377e671a311ad,43d4427cf77ed8937d19bdf9fcc08c9c7daa3c48,true,mc textures\HAS ALPHA\bp_remade\no_mip_fixes\ui,false,true,5,remarci_4x,false,0,false,false
00ddb5f6,548b1474df124104a36dc06a77073dfd0add6547,008ec1a77d6249cd25e067428e29ecc0d1340a27,true,mc textures\HAS ALPHA\bp_remade\no_mip_fixes\ui,false,true,5,remarci_4x,false,0,false,false
00ddd547,904181d6888209ea7c5c9776f4e0e2cac58183d6,fac6f2e03c220b9b1683566f940450974711c0c7,true,mc textures\HAS ALPHA\bp_remade\no_mip_fixes\ui,false,true,5,remarci_4x,false,0,false,false
00ddf41c,0eb79455fafa9daf5df573c2ff4a1cdb33e4f5f5,0852d9356774350d7cb620944a505c79c7b449c4,true,mc textures\HAS ALPHA\bp_remade\no_mip_fixes\ui,false,true,5,remarci_4x,false,0,false,false
00de666c,036f81ce26f16b10d15be2f582540a924a49090d,44bebf303fce0b7688996b552b6bca4fd87ea0e1,true,mc textures\HAS ALPHA\bp_remade\no_mip_fixes\ui,false,true,5,remarci_4x,false,0,false,false
00dea8b0,b51aae68a67e984bff0f2fa726b968480da0695b,41c265e9071ec85778ca019db0c79eeed80d5258,true,mc textures\HAS ALPHA\bp_remade\no_mip_fixes\ui,false,true,5,remarci_4x,false,0,false,false
00df214a,91641eb01f78f4e504ec8ea6ad282e7c1fc42289,ee2b575f8dd9862470c5366516d37ff39b05229a,true,mc textures\OPAQUE\bp_remade\no_mip_fixes\ui,true,true,5,remarci_4x,false,0,false,false
00df3647,f00dbaf5425f03239230dbb12087930558861cf3,ebda31b58a2534b7b43fd6d1dc9616d612284926,true,mc textures\OPAQUE\bp_remade\no_mip_fixes\ui,true,true,5,remarci_4x,false,0,false,false
00df4146,4c3e18daae9ee5b52d4ebc29bd9613cf71f55955,6134c01bf80a3c36b36776f8836a24811eeb905f,true,ps2 textures\OPAQUE\same sha1\no_mip_fixes\ui,true,true,5,remarci_4x,false,0,false,false
00df7f97.img,0c0fe1d6776eeed436ab0ce067d0fda978c7820d,5da67880c0d667f38b070d70234a703fe605107b,true,mc textures\HAS ALPHA\bp_remade\no_mip_fixes\ui,false,true,5,remarci_4x,false,0,false,false
00df9673,e829f6f2f25dd4abcd978d85aafc103436ea16aa,87d96261fc27c5866b55b90e8e4f3f4504006fd4,true,mc textures\OPAQUE\bp_remade\no_mip_fixes\ui,true,true,5,remarci_4x,false,0,false,false
00dfeefb,b07aeafe1154bd1ac0ecb2825069c130a60ff084,207ac7e939d3b6285dfe6fbc70374f493180f86f,true,mc textures\HAS ALPHA\bp_remade\no_mip_fixes\ui,false,true,5,remarci_4x,false,0,false,false
00e0f3fa,a147ff5536632cc04ce24278b8f602c9a32ee916,e2cab79aa752bc2279c7a901ff12185aadee6d03,true,mc textures\HAS ALPHA\bp_remade\no_mip_fixes\ui,false,true,5,remarci_4x,false,0,false,false
00e1435d,fb87d6eb02e0e9b15b9c2bad9c31ac66bfa8c5e9,cc89347ffb92dc457e1cc427e46eee5bc99f4fb2,true,mc textures\HAS ALPHA\bp_remade\no_mip_fixes\ui,false,true,5,remarci_4x,false,0,false,false
00e14361,28d10923fa5be08ea1a8eb1e042cd986ccb125c3,26702e17d43f0fc18f6c01fdb6b7544839e8a0e2,true,mc textures\HAS ALPHA\bp_remade\no_mip_fixes\ui,false,true,5,remarci_4x,false,0,false,false
00e14365,276674203709375b7c93fe8ae03898ce19a9b43e,f278b017c4b734da4b55fbf40a734a93b4147085,true,mc textures\HAS ALPHA\bp_remade\no_mip_fixes\ui,false,true,5,remarci_4x,false,0,false,false
00e14369,35880ba3769638e8d1ccd3f69704f6f8b53c7d79,15079e09cc2941eafe669dd6b65d575fc1bfd3c2,true,mc textures\HAS ALPHA\bp_remade\no_mip_fixes\ui,false,true,5,remarci_4x,false,0,false,false
00e338a3.img,51edbd697dfd6f36a7eacae11d7f8bcfe5d62785,ba3c610f9cc3723acfe3a74107bdc13e7cc7d494,true,mc textures\HAS ALPHA\bp_remade\no_mip_fixes\ui,false,true,5,remarci_4x,false,0,false,false
00e357db,b7b21766d66dd1cbb9d944e36e0b68247e2b0b34,b9ceb8797c8042f118eb6d68430bcd1549801be0,true,mc textures\HAS ALPHA\bp_remade\no_mip_fixes\ui,false,true,5,remarci_4x,false,0,false,false
00e3e4ba.img,001db72329aa4ffc8a167e3e3d73f8ec4842d464,8b140b7635546f313aa1a5335a089eb0e3473816,true,mc textures\HAS ALPHA\bp_remade\no_mip_fixes\ui,false,true,5,remarci_4x,false,0,false,false
00e48ebe,5bd0d1a09c5b0c29ca9c355a07a6077d617998bd,b0c57fdbaede5326aa3f8ca21cd3ace72e607615,true,mc textures\HAS ALPHA\bp_remade\no_mip_fixes\ui,false,true,5,remarci_4x,false,0,false,false
00e4c0f5,9a362203efdf1b78fc44bd99e22b170d66a62fa7,98edcbe77eb268c1a9eceed82f20a56b6aa7b5b1,true,mc textures\OPAQUE\bp_remade\no_mip_fixes\ui,true,true,5,remarci_4x,false,0,false,false
00e643ae,b2e272f55c3bda60caabd493e62c47fb292d5acc,52a611d8ec89825861df796ea821ff58a1f6f221,true,mc textures\OPAQUE\bp_remade\no_mip_fixes\ui,true,true,5,remarci_4x,false,0,false,false
00e6766a,52e076562075b109a14c787b9a422780a6e14a86,ce7edc51bc8e7bfc7283781cfe7a9090b585b758,true,mc textures\HAS ALPHA\bp_remade\no_mip_fixes\ui,false,true,5,remarci_4x,false,0,false,false
00e69824.img,5099748ff5c5aa8322784aea75cf7150bdfb602e,0f2f097ae0375e09301bab71523065b9c138ffce,true,mc textures\HAS ALPHA\bp_remade\no_mip_fixes\ui,false,true,5,remarci_4x,false,0,false,false
00e6c056,cb0ac8e63ea765e561220ea9b04a16a773ddd5c4,fce6fd3abc953dfbcda50a3668830d101e3c1e48,true,mc textures\HAS ALPHA\bp_remade\no_mip_fixes\ui,false,true,5,remarci_4x,false,0,false,false
00e70eb8,d09b411ddf8ae236946c4d99dc7e9f338c09a4a5,5934ab819bb876f41457004fa9755fc82867e765,true,mc textures\HAS ALPHA\bp_remade\no_mip_fixes\ui,false,true,5,remarci_4x,false,0,false,false
00e718ff,7e99daa2693bbea9e4fbf4c27cf3d22d1b276fe7,8ddb80e29994c17b73f394c85e9c4eed1989b00b,true,mc textures\HAS ALPHA\bp_remade\no_mip_fixes\ui,false,true,5,remarci_4x,false,0,false,false
00e786c5.img,8e0f1773a6dda254a922a545c6b39f47b88097bb,6013670d0942c79a2aa414900efb684b8ce5f97c,true,mc textures\HAS ALPHA\bp_remade\no_mip_fixes\ui,false,true,5,remarci_4x,false,0,false,false
00e84efe.img,71a7d6cb9e436863d4afe032c0715075570b7ad5,bc8d4b90bbb5710d9159fb9662d154b99e5142f4,true,mc textures\HAS ALPHA\bp_remade\no_mip_fixes\ui,false,true,5,remarci_4x,false,0,false,false
00e88014,07f7f1f74c753c1f69c8e487c3fa66801882c800,6d46cdf62d1584385563c8feddb8f8b5465dfc35,true,mc textures\HAS ALPHA\bp_remade\no_mip_fixes\ui,false,true,5,remarci_4x,false,0,false,false
00e93f19,ac1ddfb7b213465a64aac8cca8571344bd2d6b5e,ee50fe67ee7165a91c6316598aef518ad7a2e9df,true,mc textures\HAS ALPHA\bp_remade\no_mip_fixes\ui,false,true,5,remarci_4x,false,0,false,false
00e992b7,4adf0a10f8c24d6aaad810a142cca125d7b39552,260db11c862db1caac079bff0f5ff86f5fbc210b,true,mc textures\HAS ALPHA\bp_remade\no_mip_fixes\ui,false,true,5,remarci_4x,false,0,false,false
00e9d866,85496d4b191c1d05583bd5deb6fe0275768b4376,796e87f83947ea51a6290c6c043843393b8f7ff1,true,mc textures\HAS ALPHA\bp_remade\no_mip_fixes\ui,false,true,5,remarci_4x,false,0,false,false
00ea3f19,87b1912d59a3c5b501539a0c8747c85382b9bd7c,24814316321a26b5093c28e6f3acbbee18ff352b,true,mc textures\HAS ALPHA\bp_remade\no_mip_fixes\ui,false,true,5,remarci_4x,false,0,false,false
00ea43a7,3979e9dabf8000fb6ca46ca742a94d38635f9d1e,bf718b680192b0cef19df06aeb0bcb3ac6330878,true,ps2 textures\HAS ALPHA\no_mip_fixes\ui,false,true,5,remarci_4x,false,0,false,false
00eab4a9,8195ad97b360bc8c20796b35398c6dc33fc6f190,70ac488b75b64f01df15be51599f85b552e55ad5,true,mc textures\HAS ALPHA\bp_remade\no_mip_fixes\ui,false,true,5,remarci_4x,false,0,false,false
00eac0fa,cc86166420377abc120e50d639d839780c04c611,1669062c9413d7da739f089375e3005a3299d6f3,true,mc textures\OPAQUE\bp_remade\no_mip_fixes\ui,true,true,5,remarci_4x,false,0,false,false
00eb0221,82b5e2ea988a7e934e97f05ef2e134bcd1490e76,87c75c4038db98bb6c67078d021c13c64468de34,true,ps2 textures\HAS ALPHA\manual\bp_remade\no_mip_fixes\ui,false,true,5,remarci_4x,false,0,false,false
00eb3f19,b3b8253547586c2073a00c6cc18e0ebbf1f8c936,997b570cbd48ce1a8a08c56958e86ae60758668d,true,mc textures\HAS ALPHA\bp_remade\no_mip_fixes\ui,false,true,5,remarci_4x,false,0,false,false
00eb7ff2,eb9e1bb8e4e1bc3a090b46786144cc4dba70f11f,216eceae66c17282eae7d824de498248cf532959,true,mc textures\HAS ALPHA\bp_remade\no_mip_fixes\ui,false,true,5,remarci_4x,false,0,false,false
00ebe19b,340cbbf295254b6d864d71fac1aa15e4c2d38e09,0d471fb3df80e4ccb07284eaa76d045d4ad70f8f,true,mc textures\HAS ALPHA\bp_remade\no_mip_fixes\ui,false,true,5,remarci_4x,false,0,false,false
00ec3f19,ac09d2e9d21f58d021755b1fc5b382c647dc35c0,3bda1f518a976e2d3dae2f1b0bb6a410ae7067fa,true,mc textures\HAS ALPHA\bp_remade\no_mip_fixes\ui,false,true,5,remarci_4x,false,0,false,false
00ed3f19,3a0c99d75c2243f87af02fabe5e2d1f6d81dc42b,18bd90ee3f090088f4f06835d35a19766ada0a44,true,mc textures\HAS ALPHA\bp_remade\no_mip_fixes\ui,false,true,5,remarci_4x,false,0,false,false
00ee2a62,f3e756377114c5290eed7279cdbcecd5aefdffbe,dfe9dbb6ba4fba853bb2aefebca699d9fb477987,true,mc textures\OPAQUE\bp_remade\no_mip_fixes\ui,true,true,5,remarci_4x,false,0,false,false
00ee3f19,598504967fe5508557a9c58b39df634ad122a184,5c148859c55f0fc16178b6e6dfac5a664ab8e761,true,mc textures\HAS ALPHA\bp_remade\no_mip_fixes\ui,false,true,5,remarci_4x,false,0,false,false
00ef3f19,005f436f54085d85bf159d3f727d2a91f3e0cebc,744f8c6e82c8f0bdface6da315d864e35c6edf13,true,mc textures\HAS ALPHA\bp_remade\no_mip_fixes\ui,false,true,5,remarci_4x,false,0,false,false
00efa302,ed7400de389aa0a2cc3f39666fdd3a3e47529437,776ef5eb9f42e59c7607955c604d226aa97b27d3,true,mc textures\HAS ALPHA\bp_remade\no_mip_fixes\ui,false,true,5,remarci_4x,false,0,false,false
00efa8aa.img,4dfe0cb95bd51aa0af9d9eeaefb2bb99feb56c3f,6b4204dc51ec3056b3ff0afd4f144f12ef599660,true,mc textures\HAS ALPHA\bp_remade\no_mip_fixes\ui,false,true,5,remarci_4x,false,0,false,false
00f03f19,7b04b31717787355ce4e2e0aa6553621aa8d40e1,08d86ebefc7c7dec09d3c3c61a5385869803238a,true,mc textures\HAS ALPHA\bp_remade\no_mip_fixes\ui,false,true,5,remarci_4x,false,0,false,false
00f0a515,d50f7629d5d3d99a29fd40bd860f32e1f7b67bd0,fc15f9659224c489106892654992dd89b61f6647,true,mc textures\HAS ALPHA\bp_remade\no_mip_fixes\ui,false,true,5,remarci_4x,false,0,false,false
00f0c0b5,e80890b58b46db231da1792eef7e17296c9719f8,f8aed538fe5d554570ff6c758fd3736fce124dfd,true,mc textures\OPAQUE\bp_remade\no_mip_fixes\ui,true,true,5,remarci_4x,false,0,false,false
00f13f19,cb92cb28cfee5e5f052fd41b488e96001ea3f4bc,a961e490ed836b49010e7f57dca663530665bfa4,true,mc textures\HAS ALPHA\bp_remade\no_mip_fixes\ui,false,true,5,remarci_4x,false,0,false,false
00f141ca,ca79956b74fffe0337ab412c22fca1067057f012,282ca240db4750d3143d959e801284bdde9bef69,true,mc textures\HAS ALPHA\bp_remade\no_mip_fixes\ui,false,true,5,remarci_4x,false,0,false,false
00f15ea5,d28d66f653953608ef6d0f9d49e63cb0c8ff0550,fa51ecbe706ca19d7dd66f544356feb6ea8753ff,true,mc textures\HAS ALPHA\bp_remade\no_mip_fixes\ui,false,true,5,remarci_4x,false,0,false,false
00f16ec8,9184c18df4abe749818bc34e78e77be1d74c481c,a948760c957050fc5e8ccec266377b2aa1089a41,true,ps2 textures\HAS ALPHA\no_mip_fixes\ui,false,true,5,remarci_4x,false,0,false,false
00f1c0b1,26fd502e6a96293a01c852f90f0935cb8d130273,4fb0b67a7591120e724d228e31517fe3da50fa6a,true,ps2 textures\OPAQUE\manual\bp_remade\no_mip_fixes\ui,true,true,5,remarci_4x,false,0,false,false
00f1e626,8c44d9add90213ea37ee0b315deff2cd698fcbf9,d94ee6bdef8f6dda7e7003dcc0bc98b72e77783d,true,mc textures\HAS ALPHA\bp_remade\no_mip_fixes\ui,false,true,5,remarci_4x,false,0,false,false
00f3777d,4ac47c97ec4e1579d25f8724763fd725761f3d4e,c926adce9bef882220b4935159a45df6b0cca37b,true,mc textures\HAS ALPHA\bp_remade\no_mip_fixes\ui,false,true,5,remarci_4x,false,0,false,false
00f39b44,3e115a1f89dde209960fdb408ba690ff48feacf2,a2187c20d954c7b56bd8aaea6e573fe4e5ee8ee7,true,mc textures\HAS ALPHA\bp_remade\no_mip_fixes\ui,false,true,5,remarci_4x,false,0,false,false
00f43b63,a3cdcfa158fa8face0d7b40f21cef93031bb5b80,d5b35fdf1f648e2322f03be45803bd7114f1a412,true,mc textures\HAS ALPHA\bp_remade\no_mip_fixes\ui,false,true,5,remarci_4x,false,0,false,false
00f54e26,13c301f518d5ce77f35949cb0eda20d9b3fd843e,52d5a7c58fb1cbeab29fd0cc102df101779a213e,true,mc textures\HAS ALPHA\bp_remade\no_mip_fixes\ui,false,true,5,remarci_4x,false,0,false,false
00f54e2a,b3fb26ee93122538dff79cdcb70c9d50102576c5,db3240ad393ec048374b30138841f4cda0e1965d,true,mc textures\HAS ALPHA\bp_remade\no_mip_fixes\ui,false,true,5,remarci_4x,false,0,false,false
00f54e32,33ae4d5460925c260c894de24cbd1468132ede86,3a484f9613a24cc9a9afe926b86c6124e7ca2970,true,mc textures\HAS ALPHA\bp_remade\no_mip_fixes\ui,false,true,5,remarci_4x,false,0,false,false
00f5bdc3.img,fcb9c0a789ce7a72fa68165360855fff5b2616dc,4a1a0a369d1c5f5a8814ce6a8959f76541ba3e92,true,mc textures\HAS ALPHA\bp_remade\no_mip_fixes\ui,false,true,5,remarci_4x,false,0,false,false
00f5d027,5ce71771948ed7e205479c57f0122add9bf1567c,9a2163322787340aeee22f1862c68f26ab73f66a,true,mc textures\HAS ALPHA\bp_remade\no_mip_fixes\ui,false,true,5,remarci_4x,false,0,false,false
00f5d860,71a330c84bf547d9e6eca9f85d3eb4f2b633c9dc,93b9116bf7e5549b7264cc0a082a1a714a37d77f,true,mc textures\HAS ALPHA\bp_remade\no_mip_fixes\ui,false,true,5,remarci_4x,false,0,false,false
00f70816,e11af76d5d3678af9d8efb79fc7cdd0e1bb03879,e0cad15f471b45a37e57fdf4868c9d6dfa6a10d0,true,mc textures\HAS ALPHA\bp_remade\no_mip_fixes\ui,false,true,5,remarci_4x,false,0,false,false
00f7c0e9,0c933b5c1069e214e462a4d6d570b034e37d3eb0,915825d3ab4533e29cac07cafaf4c1def96aac20,true,mc textures\OPAQUE\bp_remade\no_mip_fixes\ui,true,true,5,remarci_4x,false,0,false,false
00f82f4e,b47659e274185cb8b95132423d01a587b55297f6,30b7dd1645fdf21cf37ddc033fc9111bfdd2d956,true,mc textures\HAS ALPHA\bp_remade\no_mip_fixes\ui,false,true,5,remarci_4x,false,0,false,false
00f98ebe,352df0f04e122e766cf34faa9d4d617fb8f8194e,476ecd8c69323808f771fe4bc0fa68b8949c69a6,true,mc textures\HAS ALPHA\bp_remade\no_mip_fixes\ui,false,true,5,remarci_4x,false,0,false,false
00f98f14,ac612cc766d1980fb2e9befee7f293d47f7c0d19,2bb65d5356e3632364a086c94e62904a8c769bfa,true,mc textures\HAS ALPHA\bp_remade\no_mip_fixes\ui,false,true,5,remarci_4x,false,0,false,false
00f9d9e2,282aebca012bb5acf1199a62de053c1ae6893f2e,a7fa64d812611b7265757bf7c9ebc5cf775d258a,true,mc textures\HAS ALPHA\bp_remade\no_mip_fixes\ui,false,true,5,remarci_4x,false,0,false,false
00fa2962.img,6f3bb8d1e7597aedbfa2fd1f4847ec7f46416025,a13b7ec3b6f415045677e1fb3dbb356adc1cd9ab,true,mc textures\HAS ALPHA\bp_remade\no_mip_fixes\ui,false,true,5,remarci_4x,false,0,false,false
00fa7bc2,122ef8dfaf7a1d7e11ba5af83f8a5debd22a7a93,9d93f35c460f70ff7930dc1ee08d994e05917a30,true,mc textures\HAS ALPHA\bp_remade\no_mip_fixes\ui,false,true,5,remarci_4x,false,0,false,false
00fa7d0a,e5cad063e60b28f349cdcba19cc605e03864c9d2,f2e63fd88d9ed1ed8dbaf9a8b9bbb13f30a184cc,true,mc textures\HAS ALPHA\bp_remade\no_mip_fixes\ui,false,true,5,remarci_4x,false,0,false,false
00fb71c1,29f0bb5e73a92cfea850b6167123b7b86cadde49,f5069b73c1751d3315fc706f078a49a88b6c4d31,true,mc textures\OPAQUE\bp_remade\no_mip_fixes\ui,true,true,5,remarci_4x,false,0,false,false
00fbc0f9,46ab7604627975a03745d05bcfd8a41ee049c37e,83b89b3a94fdc2d9fce401e1d24dc7776f82f110,true,mc textures\OPAQUE\bp_remade\no_mip_fixes\ui,true,true,5,remarci_4x,false,0,false,false
00fc7aa4,85ae8bb63f003dcf8e7fee8d0a7cf71bb54ae638,7b501c87ee0e48b65cee58cdb4473ac2c6616200,true,mc textures\HAS ALPHA\bp_remade\no_mip_fixes\ui,false,true,5,remarci_4x,false,0,false,false
00fc990c,cc37f78040c9d6fff8a5286819bbd4ae1c2e76ec,612ab602e695b21dcb8d71e0e758daa31fae40d0,true,mc textures\HAS ALPHA\bp_remade\no_mip_fixes\ui,false,true,5,remarci_4x,false,0,false,false
00fcd394,acb668c201385d31295af1ff336075426f1ec9ce,7a76804ed98e8628cb0027f902b935ced4c168e7,true,ps2 textures\HAS ALPHA\no_mip_fixes\ui,false,true,5,remarci_4x,false,0,false,false
00fdd394,7ffd8a706c6401d9e71a906209e8642d80406580,b6d0e09d66486ce5752425df05be86d407236471,true,ps2 textures\HAS ALPHA\no_mip_fixes\ui,false,true,5,remarci_4x,false,0,false,false
00fe3dac,0bc28a252f3af927605a2702815fd984aa70fee8,eae685379d075a2acea306327aaa18c0267050d7,true,mc textures\OPAQUE\bp_remade\no_mip_fixes\ui,true,true,5,remarci_4x,false,0,false,false
00fe965a,5d5b1db854bc016869cb2b6069dc55027f29a5bc,bd353cf3b17265c24847e223aa458d4c0b158f73,true,mc textures\OPAQUE\bp_remade\no_mip_fixes\ui,true,true,5,remarci_4x,false,0,false,false
00ff5a67,493dabcba79b71b4b67faece20369e6fb39178fc,e85e70ec010a4ee97c9d3e44d6fa3ee80d4c4bf8,true,mc textures\HAS ALPHA\bp_remade\no_mip_fixes\ui,false,true,5,remarci_4x,false,0,false,false
00ff887f,04745a1bae5ada0d59f417779063dc6b9d1d6eec,11fbc8f06b96772f8d1f1b481c4b7136ce54276a,true,mc textures\HAS ALPHA\bp_remade\no_mip_fixes\ui,false,true,5,remarci_4x,false,0,false,false
00ff94d4,c725c676131a3a70b2ea2b52e7893953658e0e54,71d82a438e5381c532873a7f0b5a9377baf35daa,true,mc textures\HAS ALPHA\bp_remade\no_mip_fixes\ui,false,true,5,remarci_4x,false,0,false,false
bp_x_and_a_buttons,f9f2b6320fc4c5e867bb9d33b01679653e87a6c6,cacae150ff3f26d3de096e9daef3ce69922433c7,true,mc textures\HAS ALPHA\bp_remade\no_mip_fixes\ui,false,true,5,remarci_4x,false,0,false,false
zro_def_eri.bmp,359dcd65f0803ce1ad52aec6621d4424b2dcd134,5fb8bd40cba124ce4c1f1899d6a37cfcc26d5b30,true,mc textures\OPAQUE\bp_remade\no_mip_fixes\ui,true,true,5,remarci_4x,false,0,false,false
